date,rsi,symbol
2012-06-08,24.0805,META
2012-06-11,23.9663,META
2012-06-12,25.5471,META
2012-06-13,25.3602,META
2012-06-14,29.7051,META
2012-06-15,36.4397,META
2012-06-18,41.3405,META
2012-06-19,43.0379,META
2012-06-20,42.2212,META
2012-06-21,43.1183,META
2012-06-22,47.5408,META
2012-06-25,44.4928,META
2012-06-26,48.2466,META
2012-06-27,45.476,META
2012-06-28,42.8274,META
2012-06-29,42.0245,META
2012-07-02,41.0122,META
2012-07-03,42.9711,META
2012-07-05,44.2264,META
2012-07-06,45.4712,META
2012-07-09,47.6025,META
2012-07-10,44.6149,META
2012-07-11,42.5601,META
2012-07-12,41.8952,META
2012-07-13,41.5024,META
2012-07-16,32.4833,META
2012-07-17,32.0141,META
2012-07-18,38.3274,META
2012-07-19,37.9185,META
2012-07-20,36.9911,META
2012-07-23,36.9505,META
2012-07-24,35.6866,META
2012-07-25,42.0225,META
2012-07-26,32.3893,META
2012-07-27,24.7115,META
2012-07-30,23.6446,META
2012-07-31,21.0993,META
2012-08-01,19.7778,META
2012-08-02,18.5139,META
2012-08-03,24.9684,META
2012-08-06,29.7081,META
2012-08-07,27.0478,META
2012-08-08,27.0478,META
2012-08-09,28.834,META
2012-08-10,33.6425,META
2012-08-13,33.0185,META
2012-08-14,29.5407,META
2012-08-15,34.532,META
2012-08-16,30.7296,META
2012-08-17,28.6361,META
2012-08-20,34.2865,META
2012-08-21,31.8767,META
2012-08-22,33.5301,META
2012-08-23,33.5363,META
2012-08-24,33.4321,META
2012-08-27,32.5231,META
2012-08-28,33.9421,META
2012-08-29,32.9981,META
2012-08-30,32.9508,META
2012-08-31,28.9476,META
2012-09-04,27.7869,META
2012-09-05,35.0422,META
2012-09-06,38.036,META
2012-09-07,38.1974,META
2012-09-10,37.3077,META
2012-09-11,42.5627,META
2012-09-12,52.8639,META
2012-09-13,51.4215,META
2012-09-14,58.603,META
2012-09-17,55.3183,META
2012-09-18,57.202,META
2012-09-19,63.859,META
2012-09-20,58.9881,META
2012-09-21,60.2476,META
2012-09-24,48.061,META
2012-09-25,45.613,META
2012-09-26,47.5317,META
2012-09-27,45.99,META
2012-09-28,53.2795,META
2012-10-01,54.8941,META
2012-10-02,56.2748,META
2012-10-03,53.5032,META
2012-10-04,54.1526,META
2012-10-05,47.804,META
2012-10-08,45.0106,META
2012-10-09,44.0698,META
2012-10-10,40.9429,META
2012-10-11,41.7766,META
2012-10-12,40.4792,META
2012-10-15,40.4955,META
2012-10-16,40.2456,META
2012-10-17,43.97,META
2012-10-18,38.1728,META
2012-10-19,38.4144,META
2012-10-22,41.5709,META
2012-10-23,43.3157,META
2012-10-24,66.059,META
2012-10-25,61.3017,META
2012-10-26,57.2117,META
2012-10-31,52.1591,META
2012-11-01,52.6995,META
2012-11-02,52.5079,META
2012-11-05,52.9378,META
2012-11-06,52.3631,META
2012-11-07,47.4286,META
2012-11-08,44.3477,META
2012-11-09,39.821,META
2012-11-12,46.3262,META
2012-11-13,45.0457,META
2012-11-14,59.4245,META
2012-11-15,58.1786,META
2012-11-16,64.1099,META
2012-11-19,59.8954,META
2012-11-20,60.6775,META
2012-11-21,65.5774,META
2012-11-23,63.3342,META
2012-11-26,69.9996,META
2012-11-27,70.6215,META
2012-11-28,71.2631,META
2012-11-29,74.0527,META
2012-11-30,75.8416,META
2012-12-03,68.6461,META
2012-12-04,69.9877,META
2012-12-05,70.7889,META
2012-12-06,65.2372,META
2012-12-07,67.1671,META
2012-12-10,68.4666,META
2012-12-11,68.9879,META
2012-12-12,65.6494,META
2012-12-13,68.3696,META
2012-12-14,57.7179,META
2012-12-17,57.3005,META
2012-12-18,61.8956,META
2012-12-19,59.7323,META
2012-12-20,59.3599,META
2012-12-21,51.7208,META
2012-12-24,55.479,META
2012-12-26,52.7091,META
2012-12-27,49.7778,META
2012-12-28,48.8942,META
2012-12-31,53.4377,META
2013-01-02,60.7574,META
2013-01-03,59.0904,META
2013-01-04,63.7062,META
2013-01-07,66.4308,META
2013-01-08,63.6259,META
2013-01-09,69.5063,META
2013-01-10,71.7868,META
2013-01-11,73.0698,META
2013-01-14,67.0318,META
2013-01-15,61.0697,META
2013-01-16,59.3915,META
2013-01-17,60.7393,META
2013-01-18,57.3467,META
2013-01-22,62.3856,META
2013-01-23,62.7886,META
2013-01-24,63.9762,META
2013-01-25,66.0411,META
2013-01-28,69.8054,META
2013-01-29,57.4175,META
2013-01-30,59.4924,META
2013-01-31,57.7483,META
2013-02-01,50.1073,META
2013-02-04,42.2975,META
2013-02-05,45.3049,META
2013-02-06,47.5767,META
2013-02-07,45.5872,META
2013-02-08,45.0546,META
2013-02-11,43.5668,META
2013-02-12,39.2121,META
2013-02-13,42.9227,META
2013-02-14,46.7792,META
2013-02-15,45.7675,META
2013-02-19,49.735,META
2013-02-20,46.9002,META
2013-02-21,40.6188,META
2013-02-22,39.8725,META
2013-02-25,40.9418,META
2013-02-26,41.8956,META
2013-02-27,38.9593,META
2013-02-28,42.1501,META
2013-03-01,46.3616,META
2013-03-04,45.9537,META
2013-03-05,44.5469,META
2013-03-06,44.0567,META
2013-03-07,53.2872,META
2013-03-08,48.5503,META
2013-03-11,49.946,META
2013-03-12,47.5534,META
2013-03-13,42.277,META
2013-03-14,42.0092,META
2013-03-15,39.3586,META
2013-03-18,38.3364,META
2013-03-19,38.9969,META
2013-03-20,34.4298,META
2013-03-21,33.6908,META
2013-03-22,33.626,META
2013-03-25,29.916,META
2013-03-26,30.9298,META
2013-03-27,41.7779,META
2013-03-28,38.0675,META
2013-04-01,37.7138,META
2013-04-02,36.9016,META
2013-04-03,46.2992,META
2013-04-04,53.664,META
2013-04-05,56.1632,META
2013-04-08,51.1051,META
2013-04-09,48.8374,META
2013-04-10,56.6717,META
2013-04-11,59.7058,META
2013-04-12,54.0783,META
2013-04-15,47.2442,META
2013-04-16,50.3176,META
2013-04-17,48.0924,META
2013-04-18,41.785,META
2013-04-19,42.1346,META
2013-04-22,44.2964,META
2013-04-23,44.3896,META
2013-04-24,45.6627,META
2013-04-25,45.9701,META
2013-04-26,52.7788,META
2013-04-29,53.9237,META
2013-04-30,60.2268,META
2013-05-01,56.6416,META
2013-05-02,66.4207,META
2013-05-03,60.167,META
2013-05-06,54.0093,META
2013-05-07,49.0418,META
2013-05-08,50.6983,META
2013-05-09,50.091,META
2013-05-10,47.3428,META
2013-05-13,48.5255,META
2013-05-14,50.6569,META
2013-05-15,46.7387,META
2013-05-16,43.1449,META
2013-05-17,44.322,META
2013-05-20,40.6165,META
2013-05-21,39.8923,META
2013-05-22,36.3591,META
2013-05-23,35.6865,META
2013-05-24,31.0205,META
2013-05-28,29.8265,META
2013-05-29,25.8879,META
2013-05-30,39.4635,META
2013-05-31,38.2251,META
2013-06-03,35.2745,META
2013-06-04,33.4503,META
2013-06-05,30.2598,META
2013-06-06,31.0693,META
2013-06-07,34.7566,META
2013-06-10,45.0103,META
2013-06-11,42.9132,META
2013-06-12,41.1248,META
2013-06-13,40.8428,META
2013-06-14,40.1025,META
2013-06-17,44.3602,META
2013-06-18,46.3306,META
2013-06-19,47.3873,META
2013-06-20,43.5708,META
2013-06-21,50.2212,META
2013-06-24,44.8456,META
2013-06-25,48.0179,META
2013-06-26,47.1829,META
2013-06-27,52.1601,META
2013-06-28,54.205,META
2013-07-01,53.4226,META
2013-07-02,49.0641,META
2013-07-03,50.2657,META
2013-07-05,48.5826,META
2013-07-08,52.4678,META
2013-07-09,59.8643,META
2013-07-10,62.4776,META
2013-07-11,62.5596,META
2013-07-12,63.4209,META
2013-07-15,66.4923,META
2013-07-16,66.8167,META
2013-07-17,69.4448,META
2013-07-18,61.9226,META
2013-07-19,57.6448,META
2013-07-22,59.3054,META
2013-07-23,60.1769,META
2013-07-24,63.899,META
2013-07-25,88.2753,META
2013-07-26,85.5105,META
2013-07-29,87.2591,META
2013-07-30,89.392,META
2013-07-31,83.711,META
2013-08-01,84.5897,META
2013-08-02,85.2857,META
2013-08-05,86.6082,META
2013-08-06,82.1475,META
2013-08-07,82.63,META
2013-08-08,80.2222,META
2013-08-09,79.9182,META
2013-08-12,77.6987,META
2013-08-13,68.8643,META
2013-08-14,66.3675,META
2013-08-15,65.7414,META
2013-08-16,67.6408,META
2013-08-19,70.1434,META
2013-08-20,72.0563,META
2013-08-21,71.3182,META
2013-08-22,72.1046,META
2013-08-23,77.8039,META
2013-08-26,79.5787,META
2013-08-27,67.1379,META
2013-08-28,69.8492,META
2013-08-29,71.8645,META
2013-08-30,71.9032,META
2013-09-03,73.5164,META
2013-09-04,72.8129,META
2013-09-05,75.3016,META
2013-09-06,78.4201,META
2013-09-09,78.6229,META
2013-09-10,74.9162,META
2013-09-11,78.4903,META
2013-09-12,76.1375,META
2013-09-13,72.5824,META
2013-09-16,60.199,META
2013-09-17,68.4448,META
2013-09-18,68.8788,META
2013-09-19,70.8991,META
2013-09-20,74.4898,META
2013-09-23,72.5739,META
2013-09-24,75.432,META
2013-09-25,77.4598,META
2013-09-26,79.165,META
2013-09-27,80.609,META
2013-09-30,74.0426,META
2013-10-01,74.464,META
2013-10-02,73.5169,META
2013-10-03,66.3912,META
2013-10-04,71.438,META
2013-10-07,68.3148,META
2013-10-08,52.4418,META
2013-10-09,51.0417,META
2013-10-10,58.4106,META
2013-10-11,58.5872,META
2013-10-14,59.8127,META
2013-10-15,59.7651,META
2013-10-16,64.7115,META
2013-10-17,67.5374,META
2013-10-18,72.045,META
2013-10-21,70.1149,META
2013-10-22,64.2303,META
2013-10-23,60.6166,META
2013-10-24,62.2261,META
2013-10-25,59.8343,META
2013-10-28,52.3067,META
2013-10-29,49.084,META
2013-10-30,47.6253,META
2013-10-31,52.3581,META
2013-11-01,50.4874,META
2013-11-04,44.7034,META
2013-11-05,51.9996,META
2013-11-06,48.4054,META
2013-11-07,43.3007,META
2013-11-08,43.2063,META
2013-11-11,39.1346,META
2013-11-12,40.9592,META
2013-11-13,49.4426,META
2013-11-14,50.4623,META
2013-11-15,50.539,META
2013-11-18,39.9444,META
2013-11-19,42.1222,META
2013-11-20,42.4191,META
2013-11-21,43.6208,META
2013-11-22,41.9785,META
2013-11-25,37.4261,META
2013-11-26,42.5203,META
2013-11-27,45.2138,META
2013-11-29,47.5095,META
2013-12-02,47.7363,META
2013-12-03,46.3141,META
2013-12-04,54.6478,META
2013-12-05,53.3271,META
2013-12-06,51.4154,META
2013-12-09,55.2983,META
2013-12-10,60.5931,META
2013-12-11,56.1811,META
2013-12-12,64.1446,META
2013-12-13,67.9585,META
2013-12-16,69.1217,META
2013-12-17,71.5086,META
2013-12-18,73.0269,META
2013-12-19,70.0812,META
2013-12-20,70.2552,META
2013-12-23,75.9544,META
2013-12-24,76.3049,META
2013-12-26,74.8818,META
2013-12-27,62.4024,META
2013-12-30,54.9517,META
2013-12-31,57.8906,META
2014-01-02,58.0819,META
2014-01-03,57.3777,META
2014-01-06,65.2214,META
2014-01-07,67.0029,META
2014-01-08,67.7684,META
2014-01-09,62.6672,META
2014-01-10,64.7068,META
2014-01-13,55.5004,META
2014-01-14,60.901,META
2014-01-15,60.2981,META
2014-01-16,58.4725,META
2014-01-17,54.6074,META
2014-01-21,61.4259,META
2014-01-22,57.2363,META
2014-01-23,53.7613,META
2014-01-24,46.2673,META
2014-01-27,43.5672,META
2014-01-28,49.2068,META
2014-01-29,44.3714,META
2014-01-30,62.8217,META
2014-01-31,65.2698,META
2014-02-03,62.0508,META
2014-02-04,64.2624,META
2014-02-05,62.5319,META
2014-02-06,62.4349,META
2014-02-07,66.4679,META
2014-02-10,63.8302,META
2014-02-11,66.2637,META
2014-02-12,64.8184,META
2014-02-13,69.8967,META
2014-02-14,69.0029,META
2014-02-18,69.3719,META
2014-02-19,70.7303,META
2014-02-20,73.3588,META
2014-02-21,68.9421,META
2014-02-24,72.6732,META
2014-02-25,68.8885,META
2014-02-26,66.5216,META
2014-02-27,65.2129,META
2014-02-28,63.2043,META
2014-03-03,58.9284,META
2014-03-04,62.5412,META
2014-03-05,68.4897,META
2014-03-06,65.536,META
2014-03-07,61.4689,META
2014-03-10,66.2985,META
2014-03-11,59.3634,META
2014-03-12,61.1327,META
2014-03-13,54.4252,META
2014-03-14,51.1523,META
2014-03-17,53.8957,META
2014-03-18,55.0943,META
2014-03-19,52.0203,META
2014-03-20,48.1523,META
2014-03-21,49.0201,META
2014-03-24,40.5245,META
2014-03-25,43.192,META
2014-03-26,33.8644,META
2014-03-27,35.8032,META
2014-03-28,34.0397,META
2014-03-31,34.8674,META
2014-04-01,42.8584,META
2014-04-02,43.1738,META
2014-04-03,36.2185,META
2014-04-04,31.5704,META
2014-04-07,32.257,META
2014-04-08,36.4906,META
2014-04-09,48.3254,META
2014-04-10,41.8562,META
2014-04-11,40.7183,META
2014-04-14,41.6938,META
2014-04-15,42.2622,META
2014-04-16,44.1105,META
2014-04-17,42.3048,META
2014-04-21,48.9419,META
2014-04-22,53.432,META
2014-04-23,49.0942,META
2014-04-24,47.8663,META
2014-04-25,40.7826,META
2014-04-28,37.7903,META
2014-04-29,43.5054,META
2014-04-30,47.7013,META
2014-05-01,50.9957,META
2014-05-02,49.3109,META
2014-05-05,51.2225,META
2014-05-06,44.7849,META
2014-05-07,42.3555,META
2014-05-08,41.0309,META
2014-05-09,42.5062,META
2014-05-12,49.804,META
2014-05-13,49.804,META
2014-05-14,48.1615,META
2014-05-15,44.6933,META
2014-05-16,45.0215,META
2014-05-19,48.8745,META
2014-05-20,46.9396,META
2014-05-21,52.9019,META
2014-05-22,52.9904,META
2014-05-23,55.4836,META
2014-05-27,61.1662,META
2014-05-28,61.2412,META
2014-05-29,62.0833,META
2014-05-30,59.7672,META
2014-06-02,58.7868,META
2014-06-03,57.812,META
2014-06-04,59.4334,META
2014-06-05,58.6381,META
2014-06-06,55.1014,META
2014-06-09,56.6608,META
2014-06-10,66.2587,META
2014-06-11,66.2893,META
2014-06-12,58.5398,META
2014-06-13,59.2619,META
2014-06-16,57.6646,META
2014-06-17,58.481,META
2014-06-18,62.8854,META
2014-06-19,56.1571,META
2014-06-20,56.7842,META
2014-06-23,60.1534,META
2014-06-24,61.4553,META
2014-06-25,67.1378,META
2014-06-26,65.2701,META
2014-06-27,66.779,META
2014-06-30,64.7798,META
2014-07-01,67.3912,META
2014-07-02,57.7498,META
2014-07-03,56.8789,META
2014-07-07,51.6375,META
2014-07-08,41.2745,META
2014-07-09,50.6006,META
2014-07-10,50.2216,META
2014-07-11,55.6099,META
2014-07-14,60.5042,META
2014-07-15,57.2987,META
2014-07-16,58.8787,META
2014-07-17,53.4951,META
2014-07-18,59.8516,META
2014-07-21,62.5404,META
2014-07-22,61.9478,META
2014-07-23,67.1556,META
2014-07-24,74.1227,META
2014-07-25,74.4548,META
2014-07-28,73.1548,META
2014-07-29,67.4695,META
2014-07-30,69.509,META
2014-07-31,60.8914,META
2014-08-01,59.75,META
2014-08-04,62.7331,META
2014-08-05,59.3551,META
2014-08-06,58.4458,META
2014-08-07,60.5184,META
2014-08-08,60.0119,META
2014-08-11,61.2194,META
2014-08-12,58.182,META
2014-08-13,61.3632,META
2014-08-14,63.0568,META
2014-08-15,59.5005,META
2014-08-18,62.7608,META
2014-08-19,64.9748,META
2014-08-20,62.2421,META
2014-08-21,60.8637,META
2014-08-22,60.8637,META
2014-08-25,62.6618,META
2014-08-26,66.1597,META
2014-08-27,57.8956,META
2014-08-28,53.6875,META
2014-08-29,57.8005,META
2014-09-02,64.3688,META
2014-09-03,59.7889,META
2014-09-04,60.2192,META
2014-09-05,64.6649,META
2014-09-08,66.5981,META
2014-09-09,59.7775,META
2014-09-10,62.3634,META
2014-09-11,63.9717,META
2014-09-12,61.4331,META
2014-09-15,47.9323,META
2014-09-16,53.611,META
2014-09-17,54.8484,META
2014-09-18,56.8664,META
2014-09-19,59.9443,META
2014-09-22,54.8069,META
2014-09-23,59.7887,META
2014-09-24,60.5586,META
2014-09-25,54.5244,META
2014-09-26,59.6889,META
2014-09-29,60.3377,META
2014-09-30,60.4682,META
2014-10-01,49.5394,META
2014-10-02,51.5468,META
2014-10-03,52.9169,META
2014-10-06,53.3705,META
2014-10-07,47.9035,META
2014-10-08,52.9502,META
2014-10-09,46.5884,META
2014-10-10,37.538,META
2014-10-13,37.8845,META
2014-10-14,40.5485,META
2014-10-15,39.3961,META
2014-10-16,37.6379,META
2014-10-17,51.0932,META
2014-10-20,54.2922,META
2014-10-21,59.2828,META
2014-10-22,58.0279,META
2014-10-23,62.4902,META
2014-10-24,64.0432,META
2014-10-27,62.323,META
2014-10-28,63.6443,META
2014-10-29,46.1711,META
2014-10-30,41.7694,META
2014-10-31,44.6281,META
2014-11-03,41.8381,META
2014-11-04,47.7914,META
2014-11-05,45.3201,META
2014-11-06,46.6927,META
2014-11-07,47.8083,META
2014-11-10,45.9796,META
2014-11-11,44.7806,META
2014-11-12,45.2145,META
2014-11-13,43.6366,META
2014-11-14,46.3399,META
2014-11-17,44.0296,META
2014-11-18,44.4953,META
2014-11-19,40.8031,META
2014-11-20,42.1843,META
2014-11-21,42.9802,META
2014-11-24,44.4088,META
2014-11-25,52.4094,META
2014-11-26,60.0209,META
2014-11-28,60.2959,META
2014-12-01,48.5989,META
2014-12-02,50.044,META
2014-12-03,47.7165,META
2014-12-04,49.2929,META
2014-12-05,53.9453,META
2014-12-08,54.5863,META
2014-12-09,55.9082,META
2014-12-10,52.5132,META
2014-12-11,58.8353,META
2014-12-12,59.2126,META
2014-12-15,54.6791,META
2014-12-16,44.6083,META
2014-12-17,50.6514,META
2014-12-18,58.5123,META
2014-12-19,62.6529,META
2014-12-22,66.4752,META
2014-12-23,62.7734,META
2014-12-24,63.1939,META
2014-12-26,63.2079,META
2014-12-29,59.5298,META
2014-12-30,55.8232,META
2014-12-31,50.7214,META
2015-01-02,52.4002,META
2015-01-05,47.3139,META
2015-01-06,43.5559,META
2015-01-07,43.5559,META
2015-01-08,52.1402,META
2015-01-09,50.3681,META
2015-01-12,46.3869,META
2015-01-13,45.3648,META
2015-01-14,44.6969,META
2015-01-15,37.0018,META
2015-01-16,42.4122,META
2015-01-20,47.0095,META
2015-01-21,49.0747,META
2015-01-22,52.6887,META
2015-01-23,53.3932,META
2015-01-26,51.8458,META
2015-01-27,44.7029,META
2015-01-28,46.8193,META
2015-01-29,54.0634,META
2015-01-30,46.0427,META
2015-02-02,43.0173,META
2015-02-03,44.7594,META
2015-02-04,45.7611,META
2015-02-05,45.7029,META
2015-02-06,41.3763,META
2015-02-09,41.2661,META
2015-02-10,45.1968,META
2015-02-11,51.3659,META
2015-02-12,50.0782,META
2015-02-13,47.8188,META
2015-02-17,47.1641,META
2015-02-18,52.6944,META
2015-02-19,62.9035,META
2015-02-20,64.3555,META
2015-02-23,58.8461,META
2015-02-24,56.9067,META
2015-02-25,60.8605,META
2015-02-26,63.6137,META
2015-02-27,56.3784,META
2015-03-02,59.0925,META
2015-03-03,58.3407,META
2015-03-04,62.747,META
2015-03-05,63.7513,META
2015-03-06,57.3786,META
2015-03-09,54.6216,META
2015-03-10,46.5618,META
2015-03-11,46.6515,META
2015-03-12,52.4919,META
2015-03-13,48.7713,META
2015-03-16,48.86,META
2015-03-17,54.3703,META
2015-03-18,59.919,META
2015-03-19,65.3267,META
2015-03-20,67.9815,META
2015-03-23,69.4909,META
2015-03-24,71.5112,META
2015-03-25,59.9084,META
2015-03-26,60.1705,META
2015-03-27,61.0539,META
2015-03-30,60.5304,META
2015-03-31,55.7276,META
2015-04-01,53.1774,META
2015-04-02,52.6584,META
2015-04-06,56.3497,META
2015-04-07,55.7153,META
2015-04-08,55.4632,META
2015-04-09,54.8395,META
2015-04-10,54.0295,META
2015-04-13,58.9069,META
2015-04-14,61.2142,META
2015-04-15,55.8022,META
2015-04-16,53.3263,META
2015-04-17,44.975,META
2015-04-20,56.1328,META
2015-04-21,58.2216,META
2015-04-22,61.9406,META
2015-04-23,51.1603,META
2015-04-24,47.6221,META
2015-04-27,49.2542,META
2015-04-28,44.4286,META
2015-04-29,43.624,META
2015-04-30,37.8107,META
2015-05-01,38.9479,META
2015-05-04,38.3303,META
2015-05-05,34.2668,META
2015-05-06,37.3564,META
2015-05-07,39.2084,META
2015-05-08,39.7105,META
2015-05-11,37.7363,META
2015-05-12,35.6376,META
2015-05-13,41.844,META
2015-05-14,55.6225,META
2015-05-15,51.3726,META
2015-05-18,53.2358,META
2015-05-19,52.0681,META
2015-05-20,51.6775,META
2015-05-21,51.3147,META
2015-05-22,51.6282,META
2015-05-26,45.3181,META
2015-05-27,51.7249,META
2015-05-28,49.6372,META
2015-05-29,45.0226,META
2015-06-01,50.707,META
2015-06-02,51.4685,META
2015-06-03,60.0275,META
2015-06-04,57.8786,META
2015-06-05,58.25,META
2015-06-08,50.428,META
2015-06-09,50.428,META
2015-06-10,57.1864,META
2015-06-11,55.3854,META
2015-06-12,53.7288,META
2015-06-15,49.381,META
2015-06-16,51.1963,META
2015-06-17,54.8345,META
2015-06-18,59.7678,META
2015-06-19,57.3768,META
2015-06-22,65.7155,META
2015-06-23,73.5594,META
2015-06-24,75.4475,META
2015-06-25,70.5741,META
2015-06-26,70.6437,META
2015-06-29,59.4801,META
2015-06-30,59.3202,META
2015-07-01,62.8393,META
2015-07-02,63.9396,META
2015-07-06,64.7342,META
2015-07-07,62.8761,META
2015-07-08,54.8148,META
2015-07-09,55.7106,META
2015-07-10,62.8495,META
2015-07-13,68.5243,META
2015-07-14,66.3908,META
2015-07-15,66.6041,META
2015-07-16,69.4489,META
2015-07-17,77.315,META
2015-07-20,81.0621,META
2015-07-21,81.5966,META
2015-07-22,75.1708,META
2015-07-23,68.3051,META
2015-07-24,70.9973,META
2015-07-27,60.7639,META
2015-07-28,63.0732,META
2015-07-29,66.314,META
2015-07-30,60.3424,META
2015-07-31,56.6394,META
2015-08-03,56.9476,META
2015-08-04,56.6806,META
2015-08-05,62.3383,META
2015-08-06,57.8273,META
2015-08-07,55.1571,META
2015-08-10,54.6599,META
2015-08-11,52.8472,META
2015-08-12,54.5913,META
2015-08-13,51.8381,META
2015-08-14,55.0204,META
2015-08-17,53.1485,META
2015-08-18,57.1239,META
2015-08-19,57.5618,META
2015-08-20,41.9206,META
2015-08-21,32.8215,META
2015-08-24,27.2102,META
2015-08-25,30.1577,META
2015-08-26,41.8365,META
2015-08-27,47.561,META
2015-08-28,50.2199,META
2015-08-31,47.0487,META
2015-09-01,42.979,META
2015-09-02,48.7512,META
2015-09-03,45.5061,META
2015-09-04,45.7519,META
2015-09-08,48.6332,META
2015-09-09,50.6556,META
2015-09-10,53.9591,META
2015-09-11,54.1095,META
2015-09-14,54.7014,META
2015-09-15,56.0856,META
2015-09-16,57.3926,META
2015-09-17,59.4935,META
2015-09-18,59.638,META
2015-09-21,62.406,META
2015-09-22,53.5061,META
2015-09-23,56.1333,META
2015-09-24,57.2662,META
2015-09-25,51.8874,META
2015-09-28,42.5454,META
2015-09-29,37.375,META
2015-09-30,45.9042,META
2015-10-01,48.8928,META
2015-10-02,51.5397,META
2015-10-05,55.8089,META
2015-10-06,52.691,META
2015-10-07,51.6634,META
2015-10-08,51.8404,META
2015-10-09,53.8427,META
2015-10-12,56.427,META
2015-10-13,55.9638,META
2015-10-14,55.7877,META
2015-10-15,60.8085,META
2015-10-16,64.4436,META
2015-10-19,66.4181,META
2015-10-20,60.6821,META
2015-10-21,60.9538,META
2015-10-22,66.7188,META
2015-10-23,71.223,META
2015-10-26,73.6325,META
2015-10-27,73.3395,META
2015-10-28,74.1313,META
2015-10-29,75.2096,META
2015-10-30,63.0898,META
2015-11-02,65.8211,META
2015-11-03,63.0824,META
2015-11-04,65.9268,META
2015-11-05,73.6697,META
2015-11-06,67.9274,META
2015-11-09,65.9168,META
2015-11-10,68.2893,META
2015-11-11,70.0297,META
2015-11-12,66.4926,META
2015-11-13,54.3412,META
2015-11-16,54.5391,META
2015-11-17,56.9709,META
2015-11-18,62.2395,META
2015-11-19,57.8745,META
2015-11-20,59.9955,META
2015-11-23,58.8811,META
2015-11-24,55.2657,META
2015-11-25,54.2867,META
2015-11-27,54.3922,META
2015-11-30,50.5901,META
2015-12-01,58.098,META
2015-12-02,54.827,META
2015-12-03,49.9522,META
2015-12-04,54.5839,META
2015-12-07,52.9139,META
2015-12-08,55.1931,META
2015-12-09,49.636,META
2015-12-10,51.8988,META
2015-12-11,43.4399,META
2015-12-14,50.1718,META
2015-12-15,49.8948,META
2015-12-16,55.3056,META
2015-12-17,53.716,META
2015-12-18,48.0301,META
2015-12-21,49.9409,META
2015-12-22,51.8727,META
2015-12-23,49.4298,META
2015-12-24,50.5415,META
2015-12-28,53.1305,META
2015-12-29,56.6982,META
2015-12-30,53.2827,META
2015-12-31,48.5576,META
2016-01-04,42.2469,META
2016-01-05,43.8884,META
2016-01-06,44.6851,META
2016-01-07,33.8071,META
2016-01-08,32.8024,META
2016-01-11,33.4522,META
2016-01-12,39.9175,META
2016-01-13,32.6907,META
2016-01-14,41.233,META
2016-01-15,35.5887,META
2016-01-19,36.3886,META
2016-01-20,34.9231,META
2016-01-21,34.6097,META
2016-01-22,45.1549,META
2016-01-25,43.3046,META
2016-01-26,44.1787,META
2016-01-27,38.5703,META
2016-01-28,63.7262,META
2016-01-29,66.8203,META
2016-02-01,69.4293,META
2016-02-02,68.4631,META
2016-02-03,64.5908,META
2016-02-04,60.3769,META
2016-02-05,50.1043,META
2016-02-08,44.6047,META
2016-02-09,44.3499,META
2016-02-10,46.6327,META
2016-02-11,48.0628,META
2016-02-12,48.227,META
2016-02-16,47.5791,META
2016-02-17,53.6037,META
2016-02-18,50.5866,META
2016-02-19,52.4204,META
2016-02-22,56.5126,META
2016-02-23,53.2738,META
2016-02-24,55.5646,META
2016-02-25,57.4474,META
2016-02-26,57.1189,META
2016-02-29,54.8662,META
2016-03-01,59.8158,META
2016-03-02,60.0274,META
2016-03-03,59.0738,META
2016-03-04,55.9931,META
2016-03-07,49.7477,META
2016-03-08,50.1975,META
2016-03-09,53.7216,META
2016-03-10,53.2337,META
2016-03-11,57.7758,META
2016-03-14,58.7662,META
2016-03-15,60.3922,META
2016-03-16,63.401,META
2016-03-17,59.6521,META
2016-03-18,60.5825,META
2016-03-21,61.4726,META
2016-03-22,62.3872,META
2016-03-23,63.0717,META
2016-03-24,64.302,META
2016-03-28,65.8401,META
2016-03-29,70.9925,META
2016-03-30,64.8054,META
2016-03-31,62.3665,META
2016-04-01,66.7665,META
2016-04-04,54.4818,META
2016-04-05,53.4854,META
2016-04-06,57.284,META
2016-04-07,57.0483,META
2016-04-08,47.9178,META
2016-04-11,43.8041,META
2016-04-12,48.5067,META
2016-04-13,48.2384,META
2016-04-14,49.2364,META
2016-04-15,45.7797,META
2016-04-18,48.4125,META
2016-04-19,53.8897,META
2016-04-20,54.2592,META
2016-04-21,57.1601,META
2016-04-22,47.9193,META
2016-04-25,46.6228,META
2016-04-26,42.9752,META
2016-04-27,43.4376,META
2016-04-28,62.9479,META
2016-04-29,64.3823,META
2016-05-02,66.0318,META
2016-05-03,62.4456,META
2016-05-04,63.6214,META
2016-05-05,62.7814,META
2016-05-06,66.0276,META
2016-05-09,65.1174,META
2016-05-10,67.5457,META
2016-05-11,63.8242,META
2016-05-12,65.4156,META
2016-05-13,63.5537,META
2016-05-16,59.1556,META
2016-05-17,54.4563,META
2016-05-18,55.3249,META
2016-05-19,52.3162,META
2016-05-20,54.0464,META
2016-05-23,49.1394,META
2016-05-24,54.6929,META
2016-05-25,55.2705,META
2016-05-26,59.8543,META
2016-05-27,59.4804,META
2016-05-31,57.0496,META
2016-06-01,56.9178,META
2016-06-02,57.4473,META
2016-06-03,55.2064,META
2016-06-06,56.4782,META
2016-06-07,51.4176,META
2016-06-08,54.1252,META
2016-06-09,54.8563,META
2016-06-10,45.8716,META
2016-06-13,36.9111,META
2016-06-14,41.476,META
2016-06-15,40.395,META
2016-06-16,39.7066,META
2016-06-17,35.461,META
2016-06-20,37.3054,META
2016-06-21,42.419,META
2016-06-22,40.7532,META
2016-06-23,46.3964,META
2016-06-24,36.7346,META
2016-06-27,29.8053,META
2016-06-28,43.557,META
2016-06-29,47.8626,META
2016-06-30,48.2123,META
2016-07-01,47.9525,META
2016-07-05,47.3723,META
2016-07-06,55.5955,META
2016-07-07,52.7985,META
2016-07-08,56.6402,META
2016-07-11,58.2969,META
2016-07-12,58.4596,META
2016-07-13,54.1007,META
2016-07-14,55.679,META
2016-07-15,53.9932,META
2016-07-18,61.3495,META
2016-07-19,64.3797,META
2016-07-20,67.2968,META
2016-07-21,61.8427,META
2016-07-22,62.8091,META
2016-07-25,64.3785,META
2016-07-26,62.5292,META
2016-07-27,67.6964,META
2016-07-28,71.0615,META
2016-07-29,66.3113,META
2016-08-01,67.137,META
2016-08-02,61.7613,META
2016-08-03,59.3291,META
2016-08-04,64.1752,META
2016-08-05,66.0363,META
2016-08-08,66.2988,META
2016-08-09,65.3103,META
2016-08-10,64.38,META
2016-08-11,64.4406,META
2016-08-12,64.3227,META
2016-08-15,58.6606,META
2016-08-16,55.4428,META
2016-08-17,59.6895,META
2016-08-18,57.167,META
2016-08-19,55.2536,META
2016-08-22,57.8167,META
2016-08-23,58.7652,META
2016-08-24,53.5223,META
2016-08-25,55.4923,META
2016-08-26,60.2299,META
2016-08-29,65.9873,META
2016-08-30,61.724,META
2016-08-31,62.7604,META
2016-09-01,62.9533,META
2016-09-02,64.3073,META
2016-09-06,73.9994,META
2016-09-07,76.7827,META
2016-09-08,71.8858,META
2016-09-09,56.199,META
2016-09-12,60.8176,META
2016-09-13,55.0037,META
2016-09-14,56.6908,META
2016-09-15,58.4292,META
2016-09-16,60.5464,META
2016-09-19,58.6693,META
2016-09-20,58.6227,META
2016-09-21,62.7635,META
2016-09-22,63.1907,META
2016-09-23,53.2312,META
2016-09-26,50.5981,META
2016-09-27,55.6177,META
2016-09-28,57.44,META
2016-09-29,52.5358,META
2016-09-30,53.215,META
2016-10-03,55.1356,META
2016-10-04,52.4461,META
2016-10-05,53.6222,META
2016-10-06,54.7836,META
2016-10-07,55.8852,META
2016-10-10,61.0011,META
2016-10-11,53.7039,META
2016-10-12,54.4376,META
2016-10-13,48.4542,META
2016-10-14,48.7501,META
2016-10-17,47.1,META
2016-10-18,52.3607,META
2016-10-19,58.936,META
2016-10-20,58.3169,META
2016-10-21,65.6336,META
2016-10-24,69.0532,META
2016-10-25,63.487,META
2016-10-26,57.2158,META
2016-10-27,51.3198,META
2016-10-28,56.9783,META
2016-10-31,55.6716,META
2016-11-01,49.5889,META
2016-11-02,41.8826,META
2016-11-03,27.6452,META
2016-11-04,30.3137,META
2016-11-07,35.1237,META
2016-11-08,41.5479,META
2016-11-09,39.4351,META
2016-11-10,35.0432,META
2016-11-11,32.1586,META
2016-11-14,26.8835,META
2016-11-15,33.2301,META
2016-11-16,32.016,META
2016-11-17,36.2454,META
2016-11-18,35.0001,META
2016-11-21,47.0786,META
2016-11-22,46.491,META
2016-11-23,45.2147,META
2016-11-25,44.2594,META
2016-11-28,44.342,META
2016-11-29,45.6713,META
2016-11-30,40.1683,META
2016-12-01,34.1614,META
2016-12-02,35.1058,META
2016-12-05,41.2469,META
2016-12-06,40.9999,META
2016-12-07,42.9617,META
2016-12-08,45.8693,META
2016-12-09,48.1522,META
2016-12-12,43.2766,META
2016-12-13,50.4603,META
2016-12-14,50.1908,META
2016-12-15,51.2013,META
2016-12-16,49.1149,META
2016-12-19,47.2488,META
2016-12-20,46.7929,META
2016-12-21,46.6314,META
2016-12-22,41.5641,META
2016-12-23,41.1821,META
2016-12-27,44.3193,META
2016-12-28,40.862,META
2016-12-29,39.1424,META
2016-12-30,35.4755,META
2017-01-03,43.4226,META
2017-01-04,50.1127,META
2017-01-05,56.1538,META
2017-01-06,62.8569,META
2017-01-09,65.9091,META
2017-01-10,63.8242,META
2017-01-11,67.3436,META
2017-01-12,68.3535,META
2017-01-13,71.4403,META
2017-01-17,69.4469,META
2017-01-18,69.5443,META
2017-01-19,67.822,META
2017-01-20,65.4172,META
2017-01-23,69.7044,META
2017-01-24,70.6176,META
2017-01-25,74.5755,META
2017-01-26,76.6614,META
2017-01-27,73.6577,META
2017-01-30,67.9255,META
2017-01-31,64.9324,META
2017-02-01,71.0,META
2017-02-02,61.5764,META
2017-02-03,61.8955,META
2017-02-06,64.3544,META
2017-02-07,63.4561,META
2017-02-08,68.5306,META
2017-02-09,68.2711,META
2017-02-10,68.3786,META
2017-02-13,67.6872,META
2017-02-14,66.6503,META
2017-02-15,64.4701,META
2017-02-16,65.6506,META
2017-02-17,63.8792,META
2017-02-21,64.5112,META
2017-02-22,71.3346,META
2017-02-23,66.9451,META
2017-02-24,67.1741,META
2017-02-27,69.897,META
2017-02-28,64.7122,META
2017-03-01,69.9069,META
2017-03-02,66.2213,META
2017-03-03,67.3721,META
2017-03-06,68.0861,META
2017-03-07,67.3246,META
2017-03-08,68.6464,META
2017-03-09,70.251,META
2017-03-10,71.8896,META
2017-03-13,74.1481,META
2017-03-14,71.9948,META
2017-03-15,73.1925,META
2017-03-16,74.0008,META
2017-03-17,72.6895,META
2017-03-20,73.0326,META
2017-03-21,61.1944,META
2017-03-22,65.7145,META
2017-03-23,65.2597,META
2017-03-24,68.4356,META
2017-03-27,68.2697,META
2017-03-28,73.2917,META
2017-03-29,75.8371,META
2017-03-30,73.7947,META
2017-03-31,70.7181,META
2017-04-03,71.5346,META
2017-04-04,66.7418,META
2017-04-05,67.2573,META
2017-04-06,61.4456,META
2017-04-07,58.3324,META
2017-04-10,59.7949,META
2017-04-11,51.4221,META
2017-04-12,49.1711,META
2017-04-13,47.909,META
2017-04-17,59.7856,META
2017-04-18,56.6345,META
2017-04-19,62.6689,META
2017-04-20,68.2294,META
2017-04-21,67.3816,META
2017-04-24,72.8088,META
2017-04-25,75.3279,META
2017-04-26,75.4957,META
2017-04-27,78.1069,META
2017-04-28,82.5788,META
2017-05-01,85.3683,META
2017-05-02,85.7247,META
2017-05-03,79.3497,META
2017-05-04,73.6332,META
2017-05-05,70.1391,META
2017-05-08,72.0586,META
2017-05-09,68.695,META
2017-05-10,67.5821,META
2017-05-11,66.0655,META
2017-05-12,66.9909,META
2017-05-15,66.0544,META
2017-05-16,63.2651,META
2017-05-17,40.9005,META
2017-05-18,51.438,META
2017-05-19,52.7301,META
2017-05-22,53.3318,META
2017-05-23,52.6501,META
2017-05-24,59.1639,META
2017-05-25,64.3163,META
2017-05-26,64.7405,META
2017-05-30,65.392,META
2017-05-31,60.9299,META
2017-06-01,61.1472,META
2017-06-02,67.0159,META
2017-06-05,67.0674,META
2017-06-06,62.7411,META
2017-06-07,63.6946,META
2017-06-08,68.1908,META
2017-06-09,47.7315,META
2017-06-12,44.4698,META
2017-06-13,51.3792,META
2017-06-14,50.0907,META
2017-06-15,48.7139,META
2017-06-16,51.3993,META
2017-06-19,57.7275,META
2017-06-20,55.5614,META
2017-06-21,59.8999,META
2017-06-22,58.0256,META
2017-06-23,62.1969,META
2017-06-26,56.8088,META
2017-06-27,47.7489,META
2017-06-28,54.6344,META
2017-06-29,48.8954,META
2017-06-30,48.745,META
2017-07-03,42.7299,META
2017-07-05,47.9144,META
2017-07-06,44.4646,META
2017-07-07,51.0119,META
2017-07-10,55.4583,META
2017-07-11,58.9093,META
2017-07-12,64.9134,META
2017-07-13,65.4525,META
2017-07-14,66.5444,META
2017-07-17,65.7875,META
2017-07-18,70.5001,META
2017-07-19,72.1873,META
2017-07-20,72.6996,META
2017-07-21,72.3317,META
2017-07-24,74.5126,META
2017-07-25,71.7206,META
2017-07-26,72.2341,META
2017-07-27,78.4129,META
2017-07-28,80.3706,META
2017-07-31,69.5559,META
2017-08-01,70.3743,META
2017-08-02,68.5524,META
2017-08-03,66.212,META
2017-08-04,67.9229,META
2017-08-07,71.4857,META
2017-08-08,68.8679,META
2017-08-09,68.6873,META
2017-08-10,56.603,META
2017-08-11,58.0333,META
2017-08-14,63.1669,META
2017-08-15,63.6157,META
2017-08-16,60.4432,META
2017-08-17,51.8404,META
2017-08-18,53.0059,META
2017-08-21,53.8952,META
2017-08-22,58.1793,META
2017-08-23,55.407,META
2017-08-24,52.5922,META
2017-08-25,48.6923,META
2017-08-28,51.2163,META
2017-08-29,53.3903,META
2017-08-30,58.0395,META
2017-08-31,62.4601,META
2017-09-01,62.5637,META
2017-09-05,58.0762,META
2017-09-06,61.2321,META
2017-09-07,63.6417,META
2017-09-08,56.0687,META
2017-09-11,61.6373,META
2017-09-12,59.8811,META
2017-09-13,60.0816,META
2017-09-14,53.4086,META
2017-09-15,55.1539,META
2017-09-18,50.2909,META
2017-09-19,56.632,META
2017-09-20,55.5675,META
2017-09-21,52.3578,META
2017-09-22,50.6631,META
2017-09-25,34.4871,META
2017-09-26,38.1996,META
2017-09-27,46.6333,META
2017-09-28,48.9055,META
2017-09-29,53.2722,META
2017-10-02,50.2468,META
2017-10-03,51.2895,META
2017-10-04,47.8923,META
2017-10-05,53.9122,META
2017-10-06,55.841,META
2017-10-09,56.3772,META
2017-10-10,53.9974,META
2017-10-11,56.4966,META
2017-10-12,55.9557,META
2017-10-13,58.6273,META
2017-10-16,60.326,META
2017-10-17,63.6063,META
2017-10-18,63.3226,META
2017-10-19,58.1871,META
2017-10-20,59.2051,META
2017-10-23,48.0715,META
2017-10-24,49.5316,META
2017-10-25,46.3536,META
2017-10-26,46.4461,META
2017-10-27,63.0355,META
2017-10-30,66.1363,META
2017-10-31,66.4259,META
2017-11-01,70.1834,META
2017-11-02,59.8134,META
2017-11-03,59.8134,META
2017-11-06,61.9903,META
2017-11-07,62.1317,META
2017-11-08,60.0567,META
2017-11-09,59.2537,META
2017-11-10,56.6196,META
2017-11-13,57.3727,META
2017-11-14,55.0487,META
2017-11-15,54.6401,META
2017-11-16,59.1075,META
2017-11-17,56.935,META
2017-11-20,55.9589,META
2017-11-21,63.9467,META
2017-11-22,60.2147,META
2017-11-24,64.5172,META
2017-11-27,65.0499,META
2017-11-28,62.5809,META
2017-11-29,42.0429,META
2017-11-30,47.2823,META
2017-12-01,43.0316,META
2017-12-04,36.8118,META
2017-12-05,40.2938,META
2017-12-06,47.6693,META
2017-12-07,55.1979,META
2017-12-08,52.9076,META
2017-12-11,52.9813,META
2017-12-12,48.711,META
2017-12-13,51.4271,META
2017-12-14,51.6125,META
2017-12-15,55.2685,META
2017-12-18,56.533,META
2017-12-19,53.2167,META
2017-12-20,49.3606,META
2017-12-21,48.3361,META
2017-12-22,47.7299,META
2017-12-26,44.8015,META
2017-12-27,49.3131,META
2017-12-28,50.1211,META
2017-12-29,46.2563,META
2018-01-02,58.0819,META
2018-01-03,63.7156,META
2018-01-04,62.7653,META
2018-01-05,66.7267,META
2018-01-08,68.758,META
2018-01-09,67.4859,META
2018-01-10,67.3876,META
2018-01-11,67.142,META
2018-01-12,45.6438,META
2018-01-16,43.8786,META
2018-01-17,42.4533,META
2018-01-18,47.5617,META
2018-01-19,50.7504,META
2018-01-22,58.2389,META
2018-01-23,63.9909,META
2018-01-24,57.9442,META
2018-01-25,59.3192,META
2018-01-26,62.8623,META
2018-01-29,54.6807,META
2018-01-30,56.4132,META
2018-01-31,55.9485,META
2018-02-01,64.4499,META
2018-02-02,58.9016,META
2018-02-05,45.3931,META
2018-02-06,50.8442,META
2018-02-07,44.7505,META
2018-02-08,36.79,META
2018-02-09,42.5838,META
2018-02-12,42.9567,META
2018-02-13,39.9224,META
2018-02-14,47.6966,META
2018-02-15,48.1953,META
2018-02-16,45.4385,META
2018-02-20,44.0301,META
2018-02-21,46.5414,META
2018-02-22,47.9705,META
2018-02-23,53.3209,META
2018-02-26,55.2126,META
2018-02-27,50.5451,META
2018-02-28,46.6981,META
2018-03-01,43.9666,META
2018-03-02,44.9573,META
2018-03-05,50.2253,META
2018-03-06,49.3903,META
2018-03-07,54.5484,META
2018-03-08,52.5382,META
2018-03-09,56.2046,META
2018-03-12,55.4543,META
2018-03-13,50.9648,META
2018-03-14,54.1698,META
2018-03-15,53.6305,META
2018-03-16,55.4122,META
2018-03-19,38.9803,META
2018-03-20,35.0417,META
2018-03-21,36.9701,META
2018-03-22,33.1266,META
2018-03-23,29.1392,META
2018-03-26,30.2408,META
2018-03-27,25.2871,META
2018-03-28,26.6244,META
2018-03-29,36.793,META
2018-04-02,33.5353,META
2018-04-03,34.5564,META
2018-04-04,33.7726,META
2018-04-05,39.9323,META
2018-04-06,38.0107,META
2018-04-09,39.0875,META
2018-04-10,48.4753,META
2018-04-11,49.9702,META
2018-04-12,47.1504,META
2018-04-13,47.9889,META
2018-04-16,48.4094,META
2018-04-17,53.4193,META
2018-04-18,50.2627,META
2018-04-19,52.5472,META
2018-04-20,49.9622,META
2018-04-23,49.3304,META
2018-04-24,41.4419,META
2018-04-25,41.4419,META
2018-04-26,59.2315,META
2018-04-27,58.4779,META
2018-04-30,56.325,META
2018-05-01,58.2608,META
2018-05-02,60.501,META
2018-05-03,57.4223,META
2018-05-04,60.1794,META
2018-05-07,61.586,META
2018-05-08,62.5803,META
2018-05-09,66.2808,META
2018-05-10,68.8283,META
2018-05-11,70.0672,META
2018-05-14,69.3556,META
2018-05-15,64.6671,META
2018-05-16,62.4715,META
2018-05-17,63.1453,META
2018-05-18,60.8754,META
2018-05-21,63.2591,META
2018-05-22,61.7154,META
2018-05-23,65.7583,META
2018-05-24,63.4987,META
2018-05-25,61.1428,META
2018-05-29,62.3637,META
2018-05-30,65.14,META
2018-05-31,70.1839,META
2018-06-01,72.489,META
2018-06-04,70.6006,META
2018-06-05,69.6647,META
2018-06-06,65.2791,META
2018-06-07,57.5705,META
2018-06-08,59.0854,META
2018-06-11,62.8714,META
2018-06-12,64.1313,META
2018-06-13,64.1465,META
2018-06-14,70.1533,META
2018-06-15,67.4963,META
2018-06-18,70.5721,META
2018-06-19,68.2536,META
2018-06-20,73.4249,META
2018-06-21,72.0241,META
2018-06-22,72.2973,META
2018-06-25,58.4844,META
2018-06-26,62.2983,META
2018-06-27,55.7243,META
2018-06-28,56.3367,META
2018-06-29,52.5064,META
2018-07-02,57.4635,META
2018-07-03,49.0641,META
2018-07-05,57.357,META
2018-07-06,62.8065,META
2018-07-09,64.3562,META
2018-07-10,62.1404,META
2018-07-11,60.2779,META
2018-07-12,65.1981,META
2018-07-13,65.617,META
2018-07-16,65.4262,META
2018-07-17,68.4555,META
2018-07-18,67.0122,META
2018-07-19,64.0791,META
2018-07-20,66.387,META
2018-07-23,67.5638,META
2018-07-24,71.6998,META
2018-07-25,74.3508,META
2018-07-26,30.1009,META
2018-07-27,29.4733,META
2018-07-30,27.7326,META
2018-07-31,29.5119,META
2018-08-01,29.0408,META
2018-08-02,34.7352,META
2018-08-03,36.3777,META
2018-08-06,44.7745,META
2018-08-07,43.3114,META
2018-08-08,44.7288,META
2018-08-09,42.964,META
2018-08-10,40.6265,META
2018-08-13,40.4506,META
2018-08-14,41.8197,META
2018-08-15,40.3312,META
2018-08-16,36.1012,META
2018-08-17,35.357,META
2018-08-20,34.2585,META
2018-08-21,34.461,META
2018-08-22,36.2575,META
2018-08-23,35.4973,META
2018-08-24,38.7671,META
2018-08-27,43.7021,META
2018-08-28,42.1402,META
2018-08-29,41.6591,META
2018-08-30,44.9312,META
2018-08-31,42.1375,META
2018-09-04,36.3187,META
2018-09-05,32.1543,META
2018-09-06,28.1003,META
2018-09-07,29.1553,META
2018-09-10,31.5723,META
2018-09-11,35.2454,META
2018-09-12,31.2069,META
2018-09-13,30.5937,META
2018-09-14,32.7291,META
2018-09-17,30.8749,META
2018-09-18,30.5747,META
2018-09-19,37.0694,META
2018-09-20,43.2058,META
2018-09-21,38.9374,META
2018-09-24,43.7413,META
2018-09-25,43.0067,META
2018-09-26,46.9233,META
2018-09-27,50.329,META
2018-09-28,43.3818,META
2018-10-01,40.5985,META
2018-10-02,36.695,META
2018-10-03,42.6176,META
2018-10-04,38.1757,META
2018-10-05,36.4391,META
2018-10-08,36.3454,META
2018-10-09,37.7463,META
2018-10-10,30.4964,META
2018-10-11,34.5847,META
2018-10-12,35.3949,META
2018-10-15,35.1305,META
2018-10-16,45.5921,META
2018-10-17,46.7181,META
2018-10-18,40.3891,META
2018-10-19,39.2811,META
2018-10-22,40.7498,META
2018-10-23,40.1905,META
2018-10-24,30.5287,META
2018-10-25,39.7073,META
2018-10-26,34.1804,META
2018-10-29,31.4125,META
2018-10-30,38.1987,META
2018-10-31,45.9639,META
2018-11-01,45.9193,META
2018-11-02,44.2984,META
2018-11-05,42.3767,META
2018-11-06,44.3386,META
2018-11-07,46.8001,META
2018-11-08,42.1765,META
2018-11-09,38.8869,META
2018-11-12,35.4024,META
2018-11-13,36.4986,META
2018-11-14,40.1898,META
2018-11-15,39.7429,META
2018-11-16,34.8683,META
2018-11-19,28.0292,META
2018-11-20,29.6675,META
2018-11-21,34.0578,META
2018-11-23,31.3344,META
2018-11-26,39.2119,META
2018-11-27,37.825,META
2018-11-28,40.7054,META
2018-11-29,43.766,META
2018-11-30,46.742,META
2018-12-03,47.4863,META
2018-12-04,43.2053,META
2018-12-06,46.0244,META
2018-12-07,43.0339,META
2018-12-10,50.0415,META
2018-12-11,50.3828,META
2018-12-12,53.9474,META
2018-12-13,54.6862,META
2018-12-14,52.9811,META
2018-12-17,46.606,META
2018-12-18,52.164,META
2018-12-19,39.0265,META
2018-12-20,39.2794,META
2018-12-21,31.7824,META
2018-12-24,31.1089,META
2018-12-26,45.3022,META
2018-12-27,45.7069,META
2018-12-28,44.3354,META
2018-12-31,42.1577,META
2019-01-02,48.1267,META
2019-01-03,43.9355,META
2019-01-04,51.1557,META
2019-01-07,51.2645,META
2019-01-08,55.9954,META
2019-01-09,57.6745,META
2019-01-10,57.6327,META
2019-01-11,57.0392,META
2019-01-14,58.853,META
2019-01-15,62.6548,META
2019-01-16,60.2792,META
2019-01-17,61.1346,META
2019-01-18,63.0942,META
2019-01-22,58.579,META
2019-01-23,53.1557,META
2019-01-24,55.2436,META
2019-01-25,59.3036,META
2019-01-28,56.6247,META
2019-01-29,51.3085,META
2019-01-30,59.1528,META
2019-01-31,71.8895,META
2019-02-01,70.4643,META
2019-02-04,72.5791,META
2019-02-05,73.6743,META
2019-02-06,72.5792,META
2019-02-07,66.0893,META
2019-02-08,66.8277,META
2019-02-11,64.3805,META
2019-02-12,63.1673,META
2019-02-13,61.5518,META
2019-02-14,61.3428,META
2019-02-15,58.7469,META
2019-02-19,58.3617,META
2019-02-20,58.7363,META
2019-02-21,53.8651,META
2019-02-22,56.7039,META
2019-02-25,60.5606,META
2019-02-26,59.5355,META
2019-02-27,56.7488,META
2019-02-28,53.9471,META
2019-03-01,55.3945,META
2019-03-04,63.0615,META
2019-03-05,67.6395,META
2019-03-06,68.9703,META
2019-03-07,61.5941,META
2019-03-08,62.1995,META
2019-03-11,65.2955,META
2019-03-12,64.9476,META
2019-03-13,66.7897,META
2019-03-14,59.3741,META
2019-03-15,51.3367,META
2019-03-18,43.0783,META
2019-03-19,44.9811,META
2019-03-20,51.1663,META
2019-03-21,52.1248,META
2019-03-22,49.292,META
2019-03-25,52.4133,META
2019-03-26,54.5604,META
2019-03-27,51.3136,META
2019-03-28,50.7388,META
2019-03-29,52.7688,META
2019-04-01,56.1963,META
2019-04-02,63.9133,META
2019-04-03,62.4906,META
2019-04-04,65.5902,META
2019-04-05,64.8916,META
2019-04-08,62.9891,META
2019-04-09,66.5336,META
2019-04-10,66.8433,META
2019-04-11,65.9938,META
2019-04-12,68.2244,META
2019-04-15,68.9823,META
2019-04-16,66.5577,META
2019-04-17,66.2682,META
2019-04-18,64.5878,META
2019-04-22,69.8,META
2019-04-23,72.9724,META
2019-04-24,68.9711,META
2019-04-25,79.6605,META
2019-04-26,75.0462,META
2019-04-29,77.639,META
2019-04-30,74.1584,META
2019-05-01,73.2107,META
2019-05-02,71.8741,META
2019-05-03,74.7888,META
2019-05-06,70.5318,META
2019-05-07,60.8844,META
2019-05-08,60.3866,META
2019-05-09,58.397,META
2019-05-10,57.6841,META
2019-05-13,44.7722,META
2019-05-14,43.5225,META
2019-05-15,53.1538,META
2019-05-16,54.2458,META
2019-05-17,51.2272,META
2019-05-20,46.9334,META
2019-05-21,50.5655,META
2019-05-22,51.4181,META
2019-05-23,44.1241,META
2019-05-24,44.4862,META
2019-05-28,50.4065,META
2019-05-29,46.8934,META
2019-05-30,48.3916,META
2019-05-31,40.1501,META
2019-06-03,27.8631,META
2019-06-04,33.3846,META
2019-06-05,34.4651,META
2019-06-06,34.7373,META
2019-06-07,42.7694,META
2019-06-10,44.9077,META
2019-06-11,49.4463,META
2019-06-12,45.6666,META
2019-06-13,49.0005,META
2019-06-14,53.8454,META
2019-06-17,61.6512,META
2019-06-18,60.8717,META
2019-06-19,59.3891,META
2019-06-20,61.4812,META
2019-06-21,63.0895,META
2019-06-24,64.5355,META
2019-06-25,58.2106,META
2019-06-26,56.3442,META
2019-06-27,58.5746,META
2019-06-28,62.4993,META
2019-07-01,62.4993,META
2019-07-02,64.7148,META
2019-07-03,67.0227,META
2019-07-05,65.3488,META
2019-07-08,63.9724,META
2019-07-09,67.8977,META
2019-07-10,71.33,META
2019-07-11,67.9938,META
2019-07-12,71.4798,META
2019-07-15,69.335,META
2019-07-16,69.172,META
2019-07-17,64.4193,META
2019-07-18,62.1211,META
2019-07-19,56.9314,META
2019-07-22,62.4583,META
2019-07-23,62.5106,META
2019-07-24,65.4895,META
2019-07-25,57.0982,META
2019-07-26,55.2455,META
2019-07-29,48.5169,META
2019-07-30,50.3954,META
2019-07-31,45.7983,META
2019-08-01,43.5163,META
2019-08-02,38.4176,META
2019-08-05,30.7848,META
2019-08-06,36.0062,META
2019-08-07,37.1811,META
2019-08-08,45.6009,META
2019-08-09,42.7554,META
2019-08-12,39.8783,META
2019-08-13,44.8425,META
2019-08-14,35.8074,META
2019-08-15,40.0909,META
2019-08-16,41.7055,META
2019-08-19,45.242,META
2019-08-20,42.5838,META
2019-08-21,42.289,META
2019-08-22,40.534,META
2019-08-23,35.967,META
2019-08-26,40.369,META
2019-08-27,41.9177,META
2019-08-28,42.7019,META
2019-08-29,48.8608,META
2019-08-30,49.0157,META
2019-09-03,44.2781,META
2019-09-04,51.5773,META
2019-09-05,56.4414,META
2019-09-06,51.3988,META
2019-09-09,53.0801,META
2019-09-10,49.332,META
2019-09-11,52.5632,META
2019-09-12,51.0226,META
2019-09-13,50.5843,META
2019-09-16,49.0135,META
2019-09-17,52.086,META
2019-09-18,52.1861,META
2019-09-19,55.5216,META
2019-09-20,55.0871,META
2019-09-23,48.974,META
2019-09-24,40.378,META
2019-09-25,43.3177,META
2019-09-26,39.5968,META
2019-09-27,35.8827,META
2019-09-30,37.9243,META
2019-10-01,35.1337,META
2019-10-02,33.7097,META
2019-10-03,43.4586,META
2019-10-04,45.3944,META
2019-10-07,44.2211,META
2019-10-08,41.3369,META
2019-10-09,45.5019,META
2019-10-10,45.8568,META
2019-10-11,53.4073,META
2019-10-14,51.7086,META
2019-10-15,60.1283,META
2019-10-16,60.99,META
2019-10-17,62.1124,META
2019-10-18,53.203,META
2019-10-21,58.6978,META
2019-10-22,47.3384,META
2019-10-23,52.4291,META
2019-10-24,52.7262,META
2019-10-25,54.7253,META
2019-10-28,56.6974,META
2019-10-29,56.5393,META
2019-10-30,54.6082,META
2019-10-31,59.3985,META
2019-11-01,61.9069,META
2019-11-04,63.2714,META
2019-11-05,62.3961,META
2019-11-06,56.561,META
2019-11-07,54.3289,META
2019-11-08,55.0391,META
2019-11-11,52.466,META
2019-11-12,60.353,META
2019-11-13,57.6404,META
2019-11-14,57.5533,META
2019-11-15,60.6718,META
2019-11-18,64.0286,META
2019-11-19,66.5921,META
2019-11-20,62.0992,META
2019-11-21,62.7276,META
2019-11-22,64.0865,META
2019-11-25,65.5602,META
2019-11-26,63.1992,META
2019-11-27,67.812,META
2019-11-29,66.7416,META
2019-12-02,61.1407,META
2019-12-03,58.733,META
2019-12-04,58.4233,META
2019-12-05,59.7732,META
2019-12-06,63.1254,META
2019-12-09,63.6846,META
2019-12-10,62.0423,META
2019-12-11,64.9233,META
2019-12-12,49.0354,META
2019-12-13,43.5379,META
2019-12-16,51.9163,META
2019-12-17,52.8459,META
2019-12-18,60.1085,META
2019-12-19,65.1198,META
2019-12-20,65.435,META
2019-12-23,65.1181,META
2019-12-24,62.2502,META
2019-12-26,66.2788,META
2019-12-27,66.7229,META
2019-12-30,57.0867,META
2019-12-31,58.5541,META
2020-01-02,65.4212,META
2020-01-03,62.6806,META
2020-01-06,67.8205,META
2020-01-07,68.3696,META
2020-01-08,70.8822,META
2020-01-09,74.048,META
2020-01-10,73.3785,META
2020-01-13,76.9748,META
2020-01-14,69.491,META
2020-01-15,71.6665,META
2020-01-16,72.2976,META
2020-01-17,72.6885,META
2020-01-21,70.6569,META
2020-01-22,70.2942,META
2020-01-23,65.5811,META
2020-01-24,60.4857,META
2020-01-27,53.0047,META
2020-01-28,58.289,META
2020-01-29,65.9668,META
2020-01-30,44.0007,META
2020-01-31,36.6839,META
2020-02-03,39.904,META
2020-02-04,47.0746,META
2020-02-05,47.41,META
2020-02-06,48.342,META
2020-02-07,50.2413,META
2020-02-10,51.1944,META
2020-02-11,43.9106,META
2020-02-12,48.6918,META
2020-02-13,51.6508,META
2020-02-14,52.9283,META
2020-02-18,57.1703,META
2020-02-19,56.6991,META
2020-02-20,52.338,META
2020-02-21,46.5126,META
2020-02-24,36.9819,META
2020-02-25,33.8619,META
2020-02-26,34.5097,META
2020-02-27,29.1779,META
2020-02-28,33.2338,META
2020-03-02,38.7475,META
2020-03-03,31.3405,META
2020-03-04,38.3967,META
2020-03-05,34.1531,META
2020-03-06,31.8092,META
2020-03-09,26.2895,META
2020-03-10,35.3481,META
2020-03-11,31.5305,META
2020-03-12,25.6196,META
2020-03-13,38.1399,META
2020-03-16,29.837,META
2020-03-17,32.0744,META
2020-03-18,31.299,META
2020-03-19,35.5102,META
2020-03-20,34.2638,META
2020-03-23,33.654,META
2020-03-24,42.3812,META
2020-03-25,40.2686,META
2020-03-26,44.7056,META
2020-03-27,41.6451,META
2020-03-30,47.0992,META
2020-03-31,47.5887,META
2020-04-01,43.8843,META
2020-04-02,43.1755,META
2020-04-03,41.1404,META
2020-04-06,48.5462,META
2020-04-07,50.4818,META
2020-04-08,53.6049,META
2020-04-09,54.1252,META
2020-04-13,53.8394,META
2020-04-14,55.9557,META
2020-04-15,54.9917,META
2020-04-16,54.3863,META
2020-04-17,56.5267,META
2020-04-20,55.5872,META
2020-04-21,49.0549,META
2020-04-22,57.3779,META
2020-04-23,59.1617,META
2020-04-24,62.1209,META
2020-04-27,59.6973,META
2020-04-28,55.5305,META
2020-04-29,62.4644,META
2020-04-30,67.5467,META
2020-05-01,65.337,META
2020-05-04,66.7715,META
2020-05-05,67.6444,META
2020-05-06,68.3373,META
2020-05-07,69.7286,META
2020-05-08,70.278,META
2020-05-11,70.7139,META
2020-05-12,66.7988,META
2020-05-13,60.9037,META
2020-05-14,62.1344,META
2020-05-15,64.9617,META
2020-05-18,66.491,META
2020-05-19,68.8313,META
2020-05-20,75.3958,META
2020-05-21,75.9867,META
2020-05-22,77.4334,META
2020-05-26,73.7496,META
2020-05-27,69.7166,META
2020-05-28,65.1055,META
2020-05-29,64.6425,META
2020-06-01,69.0159,META
2020-06-02,69.4984,META
2020-06-03,65.9999,META
2020-06-04,61.0007,META
2020-06-05,64.3656,META
2020-06-08,64.8253,META
2020-06-09,69.6845,META
2020-06-10,67.0237,META
2020-06-11,53.1631,META
2020-06-12,56.4365,META
2020-06-15,59.3281,META
2020-06-16,61.5374,META
2020-06-17,61.4006,META
2020-06-18,61.7138,META
2020-06-19,63.9065,META
2020-06-22,64.2393,META
2020-06-23,66.5704,META
2020-06-24,55.8908,META
2020-06-25,57.3779,META
2020-06-26,40.1614,META
2020-06-29,44.3454,META
2020-06-30,49.6876,META
2020-07-01,56.9421,META
2020-07-02,53.6585,META
2020-07-06,57.9917,META
2020-07-07,58.3463,META
2020-07-08,60.0496,META
2020-07-09,60.6359,META
2020-07-10,61.0176,META
2020-07-13,54.9109,META
2020-07-14,55.4878,META
2020-07-15,55.9452,META
2020-07-16,56.514,META
2020-07-17,57.5136,META
2020-07-20,60.5251,META
2020-07-21,55.9051,META
2020-07-22,53.6461,META
2020-07-23,45.9189,META
2020-07-24,44.1389,META
2020-07-27,47.3815,META
2020-07-28,44.0458,META
2020-07-29,47.7603,META
2020-07-30,49.148,META
2020-07-31,65.0074,META
2020-08-03,63.1165,META
2020-08-04,60.7462,META
2020-08-05,59.9381,META
2020-08-06,69.7884,META
2020-08-07,71.2757,META
2020-08-10,65.3146,META
2020-08-11,58.6441,META
2020-08-12,60.9922,META
2020-08-13,61.8666,META
2020-08-14,61.8031,META
2020-08-17,61.7121,META
2020-08-18,62.5865,META
2020-08-19,62.7805,META
2020-08-20,67.4471,META
2020-08-21,64.7245,META
2020-08-24,67.7909,META
2020-08-25,73.1936,META
2020-08-26,81.4143,META
2020-08-27,70.6169,META
2020-08-28,70.7886,META
2020-08-31,70.3259,META
2020-09-01,71.3094,META
2020-09-02,74.2107,META
2020-09-03,63.1291,META
2020-09-04,56.4378,META
2020-09-08,48.7621,META
2020-09-09,50.3705,META
2020-09-10,46.8849,META
2020-09-11,45.984,META
2020-09-14,45.6902,META
2020-09-15,50.3476,META
2020-09-16,44.5124,META
2020-09-17,39.6721,META
2020-09-18,38.4858,META
2020-09-21,36.2529,META
2020-09-22,41.7383,META
2020-09-23,38.6304,META
2020-09-24,39.0653,META
2020-09-25,43.5352,META
2020-09-28,45.1727,META
2020-09-29,49.1215,META
2020-09-30,49.2087,META
2020-10-01,52.943,META
2020-10-02,47.6111,META
2020-10-05,51.3276,META
2020-10-06,46.7823,META
2020-10-07,46.3835,META
2020-10-08,51.0744,META
2020-10-09,51.6319,META
2020-10-12,59.7261,META
2020-10-13,59.9751,META
2020-10-14,55.8563,META
2020-10-15,51.371,META
2020-10-16,50.692,META
2020-10-19,46.8664,META
2020-10-20,52.1541,META
2020-10-21,59.9394,META
2020-10-22,59.3713,META
2020-10-23,63.4508,META
2020-10-26,56.4254,META
2020-10-27,60.2403,META
2020-10-28,48.6474,META
2020-10-29,56.2811,META
2020-10-30,46.3006,META
2020-11-02,45.4435,META
2020-11-03,47.787,META
2020-11-04,58.536,META
2020-11-05,61.3677,META
2020-11-06,60.5924,META
2020-11-09,52.3777,META
2020-11-10,49.263,META
2020-11-11,51.257,META
2020-11-12,50.5179,META
2020-11-13,51.5234,META
2020-11-16,52.6375,META
2020-11-17,50.1902,META
2020-11-18,48.3383,META
2020-11-19,48.9872,META
2020-11-20,46.8695,META
2020-11-23,46.0295,META
2020-11-24,52.1972,META
2020-11-25,51.2099,META
2020-11-27,52.8142,META
2020-11-30,52.1159,META
2020-12-01,58.8056,META
2020-12-02,59.4237,META
2020-12-03,54.2952,META
2020-12-04,52.4468,META
2020-12-07,56.7803,META
2020-12-08,54.7868,META
2020-12-09,50.0318,META
2020-12-10,49.3583,META
2020-12-11,46.3592,META
2020-12-14,46.9812,META
2020-12-15,48.3516,META
2020-12-16,48.4781,META
2020-12-17,47.242,META
2020-12-18,49.4803,META
2020-12-21,45.5659,META
2020-12-22,40.1632,META
2020-12-23,41.4999,META
2020-12-24,40.8164,META
2020-12-28,52.2646,META
2020-12-29,52.0163,META
2020-12-30,46.6851,META
2020-12-31,48.1876,META
2021-01-04,43.8355,META
2021-01-05,46.3458,META
2021-01-06,39.2219,META
2021-01-07,45.6049,META
2021-01-08,44.52,META
2021-01-11,36.0498,META
2021-01-12,32.4832,META
2021-01-13,33.1644,META
2021-01-14,29.6502,META
2021-01-15,36.5525,META
2021-01-19,46.2273,META
2021-01-20,51.4497,META
2021-01-21,55.3913,META
2021-01-22,56.5404,META
2021-01-25,58.9902,META
2021-01-26,61.6685,META
2021-01-27,52.5947,META
2021-01-28,47.2055,META
2021-01-29,42.7941,META
2021-02-01,45.8034,META
2021-02-02,49.7271,META
2021-02-03,49.4005,META
2021-02-04,49.2708,META
2021-02-05,50.6741,META
2021-02-08,49.2878,META
2021-02-09,51.9602,META
2021-02-10,54.154,META
2021-02-11,52.5728,META
2021-02-12,52.6834,META
2021-02-16,56.1563,META
2021-02-17,55.6492,META
2021-02-18,50.5161,META
2021-02-19,42.5908,META
2021-02-22,41.4897,META
2021-02-23,47.994,META
2021-02-24,46.4393,META
2021-02-25,38.1523,META
2021-02-26,41.5721,META
2021-03-01,49.1118,META
2021-03-02,44.139,META
2021-03-03,41.397,META
2021-03-04,43.7352,META
2021-03-05,50.1172,META
2021-03-08,43.0184,META
2021-03-09,51.6026,META
2021-03-10,50.937,META
2021-03-11,57.2803,META
2021-03-12,52.7945,META
2021-03-15,56.3856,META
2021-03-16,59.7905,META
2021-03-17,62.4881,META
2021-03-18,57.7348,META
2021-03-19,64.0182,META
2021-03-22,65.6595,META
2021-03-23,63.0326,META
2021-03-24,55.994,META
2021-03-25,53.4213,META
2021-03-26,56.1524,META
2021-03-29,60.6776,META
2021-03-30,58.3336,META
2021-03-31,61.9947,META
2021-04-01,64.1408,META
2021-04-05,68.8432,META
2021-04-06,66.4182,META
2021-04-07,69.4091,META
2021-04-08,69.3409,META
2021-04-09,68.7592,META
2021-04-12,67.7535,META
2021-04-13,65.7497,META
2021-04-14,58.4871,META
2021-04-15,61.764,META
2021-04-16,60.0885,META
2021-04-19,56.1479,META
2021-04-20,56.4678,META
2021-04-21,55.2191,META
2021-04-22,50.2039,META
2021-04-23,54.3613,META
2021-04-26,56.0003,META
2021-04-27,56.4675,META
2021-04-28,59.5483,META
2021-04-29,72.7385,META
2021-04-30,68.017,META
2021-05-03,65.4356,META
2021-05-04,61.2125,META
2021-05-05,58.0209,META
2021-05-06,61.276,META
2021-05-07,60.3289,META
2021-05-10,48.9623,META
2021-05-11,49.4008,META
2021-05-12,46.3524,META
2021-05-13,48.6748,META
2021-05-14,56.6412,META
2021-05-17,56.2188,META
2021-05-18,51.4819,META
2021-05-19,54.2234,META
2021-05-20,57.7766,META
2021-05-21,55.5741,META
2021-05-24,61.1964,META
2021-05-25,63.0889,META
2021-05-26,62.9528,META
2021-05-27,66.0402,META
2021-05-28,61.6691,META
2021-06-01,61.939,META
2021-06-02,61.9535,META
2021-06-03,58.2554,META
2021-06-04,61.6701,META
2021-06-07,65.9995,META
2021-06-08,62.4627,META
2021-06-09,58.4716,META
2021-06-10,60.2347,META
2021-06-11,58.7756,META
2021-06-14,63.1853,META
2021-06-15,63.1589,META
2021-06-16,56.0114,META
2021-06-17,60.6089,META
2021-06-18,53.0731,META
2021-06-21,55.3676,META
2021-06-22,60.6744,META
2021-06-23,61.8064,META
2021-06-24,63.6758,META
2021-06-25,61.4135,META
2021-06-28,70.3556,META
2021-06-29,66.0254,META
2021-06-30,61.4829,META
2021-07-01,65.5607,META
2021-07-02,65.742,META
2021-07-06,63.5124,META
2021-07-07,60.8611,META
2021-07-08,55.5803,META
2021-07-09,59.326,META
2021-07-12,61.3426,META
2021-07-13,60.0897,META
2021-07-14,55.0432,META
2021-07-15,51.7186,META
2021-07-16,48.4386,META
2021-07-19,44.5563,META
2021-07-20,49.4387,META
2021-07-21,53.6992,META
2021-07-22,57.8504,META
2021-07-23,69.055,META
2021-07-26,70.2765,META
2021-07-27,65.4324,META
2021-07-28,68.2085,META
2021-07-29,55.161,META
2021-07-30,53.6682,META
2021-08-02,50.4987,META
2021-08-03,49.9799,META
2021-08-04,55.3264,META
2021-08-05,57.883,META
2021-08-06,58.2263,META
2021-08-09,56.482,META
2021-08-10,56.0253,META
2021-08-11,54.861,META
2021-08-12,57.07,META
2021-08-13,57.5112,META
2021-08-16,60.3123,META
2021-08-17,51.5334,META
2021-08-18,48.709,META
2021-08-19,48.3948,META
2021-08-20,52.6327,META
2021-08-23,56.2555,META
2021-08-24,58.1273,META
2021-08-25,60.5511,META
2021-08-26,55.7152,META
2021-08-27,62.3732,META
2021-08-30,67.4957,META
2021-08-31,65.9543,META
2021-09-01,67.6156,META
2021-09-02,59.6655,META
2021-09-03,60.3915,META
2021-09-07,64.5433,META
2021-09-08,59.3281,META
2021-09-09,59.6556,META
2021-09-10,60.2092,META
2021-09-13,57.5235,META
2021-09-14,57.5422,META
2021-09-15,54.1874,META
2021-09-16,53.0891,META
2021-09-17,43.8145,META
2021-09-20,36.4066,META
2021-09-21,38.6123,META
2021-09-22,29.7142,META
2021-09-23,32.9223,META
2021-09-24,40.3817,META
2021-09-27,41.0075,META
2021-09-28,33.1848,META
2021-09-29,32.6454,META
2021-09-30,32.5249,META
2021-10-01,36.6656,META
2021-10-04,28.0676,META
2021-10-05,34.6832,META
2021-10-06,35.3304,META
2021-10-07,33.0389,META
2021-10-08,33.9058,META
2021-10-11,31.4738,META
2021-10-12,30.6102,META
2021-10-13,31.5374,META
2021-10-14,36.2881,META
2021-10-15,33.8948,META
2021-10-18,44.8813,META
2021-10-19,48.901,META
2021-10-20,49.5738,META
2021-10-21,50.5502,META
2021-10-22,38.083,META
2021-10-25,41.7388,META
2021-10-26,34.7612,META
2021-10-27,33.1003,META
2021-10-28,37.3227,META
2021-10-29,42.8216,META
2021-11-01,47.5943,META
2021-11-02,46.3591,META
2021-11-03,49.0142,META
2021-11-04,52.0672,META
2021-11-05,55.6381,META
2021-11-08,53.5941,META
2021-11-09,50.9824,META
2021-11-10,45.3249,META
2021-11-11,45.4093,META
2021-11-12,55.2021,META
2021-11-15,59.2,META
2021-11-16,55.5201,META
2021-11-17,53.8052,META
2021-11-18,52.1575,META
2021-11-19,56.696,META
2021-11-22,53.1706,META
2021-11-23,50.2229,META
2021-11-24,53.0625,META
2021-11-26,47.0401,META
2021-11-29,50.7617,META
2021-11-30,41.9812,META
2021-12-01,35.2706,META
2021-12-02,35.1788,META
2021-12-03,33.5881,META
2021-12-06,42.3159,META
2021-12-07,45.7543,META
2021-12-08,50.7174,META
2021-12-09,50.2447,META
2021-12-10,50.1971,META
2021-12-13,53.4192,META
2021-12-14,52.8367,META
2021-12-15,58.0401,META
2021-12-16,52.6961,META
2021-12-17,51.8519,META
2021-12-20,45.9016,META
2021-12-21,52.1108,META
2021-12-22,49.4892,META
2021-12-23,52.7585,META
2021-12-27,59.2464,META
2021-12-28,59.2684,META
2021-12-29,56.5685,META
2021-12-30,57.4718,META
2021-12-31,51.0255,META
2022-01-03,52.5912,META
2022-01-04,50.9802,META
2022-01-05,42.3829,META
2022-01-06,48.6392,META
2022-01-07,48.1838,META
2022-01-10,45.6294,META
2022-01-11,50.4228,META
2022-01-12,49.5932,META
2022-01-13,44.7501,META
2022-01-14,49.0349,META
2022-01-18,40.4618,META
2022-01-19,41.6132,META
2022-01-20,39.8663,META
2022-01-21,33.2279,META
2022-01-24,37.8398,META
2022-01-25,33.9392,META
2022-01-26,31.6719,META
2022-01-27,31.6808,META
2022-01-28,37.8476,META
2022-01-31,46.3651,META
2022-02-01,50.0301,META
2022-02-02,52.4676,META
2022-02-03,24.7551,META
2022-02-04,24.6449,META
2022-02-07,22.6695,META
2022-02-08,21.9342,META
2022-02-09,28.2014,META
2022-02-10,27.4134,META
2022-02-11,25.7345,META
2022-02-14,25.3712,META
2022-02-15,27.3418,META
2022-02-16,26.3299,META
2022-02-17,24.4041,META
2022-02-18,24.0713,META
2022-02-22,23.1754,META
2022-02-23,22.3774,META
2022-02-24,29.0128,META
2022-02-25,31.0118,META
2022-02-28,31.4091,META
2022-03-01,28.9482,META
2022-03-02,32.441,META
2022-03-03,30.6365,META
2022-03-04,29.6316,META
2022-03-07,25.7034,META
2022-03-08,28.0056,META
2022-03-09,34.3807,META
2022-03-10,33.1152,META
2022-03-11,30.3373,META
2022-03-14,29.988,META
2022-03-15,34.4659,META
2022-03-16,42.9127,META
2022-03-17,45.6507,META
2022-03-18,50.865,META
2022-03-21,47.9984,META
2022-03-22,51.0635,META
2022-03-23,49.1353,META
2022-03-24,52.8108,META
2022-03-25,54.1254,META
2022-03-28,55.1832,META
2022-03-29,58.8065,META
2022-03-30,57.2097,META
2022-03-31,52.9783,META
2022-04-01,54.6178,META
2022-04-04,60.0622,META
2022-04-05,58.3526,META
2022-04-06,51.7449,META
2022-04-07,51.4876,META
2022-04-08,51.0037,META
2022-04-11,46.5438,META
2022-04-12,44.8737,META
2022-04-13,45.6433,META
2022-04-14,42.0646,META
2022-04-18,42.6585,META
2022-04-19,48.9103,META
2022-04-20,37.5301,META
2022-04-21,31.7186,META
2022-04-22,30.1086,META
2022-04-25,32.7809,META
2022-04-26,30.1751,META
2022-04-27,27.8102,META
2022-04-28,49.6225,META
2022-04-29,47.0085,META
2022-05-02,52.4727,META
2022-05-03,52.9141,META
2022-05-04,58.2009,META
2022-05-05,50.1403,META
2022-05-06,48.006,META
2022-05-09,44.5804,META
2022-05-10,45.3799,META
2022-05-11,41.4001,META
2022-05-12,42.9129,META
2022-05-13,47.2427,META
2022-05-16,48.059,META
2022-05-17,49.5854,META
2022-05-18,43.9851,META
2022-05-19,43.5009,META
2022-05-20,45.0441,META
2022-05-23,46.911,META
2022-05-24,38.9845,META
2022-05-25,40.8213,META
2022-05-26,46.1603,META
2022-05-27,48.4094,META
2022-05-31,47.4997,META
2022-06-01,44.479,META
2022-06-02,51.2967,META
2022-06-03,46.4413,META
2022-06-06,48.6875,META
2022-06-07,49.6059,META
2022-06-08,50.2835,META
2022-06-09,42.4377,META
2022-06-10,38.1611,META
2022-06-13,33.311,META
2022-06-14,33.0987,META
2022-06-15,37.6373,META
2022-06-16,33.9002,META
2022-06-17,36.2088,META
2022-06-21,33.2901,META
2022-06-22,32.7796,META
2022-06-23,35.359,META
2022-06-24,44.3991,META
2022-06-27,44.0099,META
2022-06-28,39.1499,META
2022-06-29,41.7148,META
2022-06-30,40.2087,META
2022-07-01,39.512,META
2022-07-05,46.2241,META
2022-07-06,47.4402,META
2022-07-07,49.3304,META
2022-07-08,48.3174,META
2022-07-11,42.5688,META
2022-07-12,42.9253,META
2022-07-13,43.1397,META
2022-07-14,39.2164,META
2022-07-15,45.7156,META
2022-07-18,47.9939,META
2022-07-19,54.8849,META
2022-07-20,59.7906,META
2022-07-21,59.8421,META
2022-07-22,48.2796,META
2022-07-25,46.4575,META
2022-07-26,41.6157,META
2022-07-27,49.4983,META
2022-07-28,44.0568,META
2022-07-29,43.1233,META
2022-08-01,43.7805,META
2022-08-02,43.9988,META
2022-08-03,50.8107,META
2022-08-04,52.1006,META
2022-08-05,49.3749,META
2022-08-08,51.8375,META
2022-08-09,50.3915,META
2022-08-10,57.6478,META
2022-08-11,56.8716,META
2022-08-12,58.9781,META
2022-08-15,59.2557,META
2022-08-16,57.7236,META
2022-08-17,52.9287,META
2022-08-18,52.7347,META
2022-08-19,46.2909,META
2022-08-22,42.2195,META
2022-08-23,40.6965,META
2022-08-24,43.1444,META
2022-08-25,48.9686,META
2022-08-26,42.9588,META
2022-08-29,40.9412,META
2022-08-30,39.4063,META
2022-08-31,45.6998,META
2022-09-01,48.1426,META
2022-09-02,43.7467,META
2022-09-06,42.2785,META
2022-09-07,44.3683,META
2022-09-08,46.2598,META
2022-09-09,53.49,META
2022-09-12,53.2831,META
2022-09-13,39.5559,META
2022-09-14,38.4376,META
2022-09-15,37.1301,META
2022-09-16,34.9558,META
2022-09-19,37.0621,META
2022-09-20,35.6742,META
2022-09-21,32.9415,META
2022-09-22,33.9029,META
2022-09-23,32.1917,META
2022-09-26,29.5034,META
2022-09-27,28.2639,META
2022-09-28,38.4549,META
2022-09-29,34.6335,META
2022-09-30,34.1208,META
2022-10-03,38.0823,META
2022-10-04,40.2862,META
2022-10-05,39.1189,META
2022-10-06,39.2502,META
2022-10-07,34.2807,META
2022-10-10,34.8184,META
2022-10-11,30.6487,META
2022-10-12,29.8852,META
2022-10-13,34.5926,META
2022-10-14,31.6933,META
2022-10-17,42.4129,META
2022-10-18,41.2261,META
2022-10-19,41.8339,META
2022-10-20,40.0696,META
2022-10-21,38.506,META
2022-10-24,38.1997,META
2022-10-25,49.76,META
2022-10-26,41.506,META
2022-10-27,23.8464,META
2022-10-28,25.2009,META
2022-10-31,23.0815,META
2022-11-01,25.3646,META
2022-11-02,23.6385,META
2022-11-03,23.0477,META
2022-11-04,25.3647,META
2022-11-07,32.2901,META
2022-11-08,32.1546,META
2022-11-09,37.7768,META
2022-11-10,47.5187,META
2022-11-11,48.4792,META
2022-11-14,49.5175,META
2022-11-15,52.0003,META
2022-11-16,48.5395,META
2022-11-17,46.9826,META
2022-11-18,47.5928,META
2022-11-21,45.5329,META
2022-11-22,47.3049,META
2022-11-23,48.2235,META
2022-11-25,47.3022,META
2022-11-28,44.4073,META
2022-11-29,45.3388,META
2022-11-30,55.5336,META
2022-12-01,57.8277,META
2022-12-02,60.6755,META
2022-12-05,59.1798,META
2022-12-06,48.985,META
2022-12-07,48.7781,META
2022-12-08,50.4392,META
2022-12-09,51.134,META
2022-12-12,49.5715,META
2022-12-13,56.1658,META
2022-12-14,57.7411,META
2022-12-15,50.3758,META
2022-12-16,54.1716,META
2022-12-19,48.1818,META
2022-12-20,51.2431,META
2022-12-21,54.2224,META
2022-12-22,50.9098,META
2022-12-23,52.0101,META
2022-12-27,50.474,META
2022-12-28,48.7884,META
2022-12-29,54.7776,META
2022-12-30,54.8756,META
2023-01-03,60.0082,META
2023-01-04,62.7366,META
2023-01-05,61.9919,META
2023-01-06,65.18,META
2023-01-09,64.1453,META
2023-01-10,67.6814,META
2023-01-11,67.4778,META
2023-01-12,71.0593,META
2023-01-13,71.2999,META
2023-01-17,67.6653,META
2023-01-18,62.694,META
2023-01-19,66.2643,META
2023-01-20,69.4984,META
2023-01-23,72.8885,META
2023-01-24,72.5988,META
2023-01-25,68.8801,META
2023-01-26,73.9602,META
2023-01-27,77.0489,META
2023-01-30,67.9058,META
2023-01-31,69.4967,META
2023-02-01,72.667,META
2023-02-02,86.0654,META
2023-02-03,83.3023,META
2023-02-06,82.7023,META
2023-02-07,84.1561,META
2023-02-08,74.2563,META
2023-02-09,68.4245,META
2023-02-10,64.6814,META
2023-02-13,67.3734,META
2023-02-14,67.3987,META
2023-02-15,64.8807,META
2023-02-16,59.9717,META
2023-02-17,60.2734,META
2023-02-21,59.3967,META
2023-02-22,58.3007,META
2023-02-23,59.08,META
2023-02-24,57.0219,META
2023-02-27,55.9408,META
2023-02-28,60.9996,META
2023-03-01,58.9479,META
2023-03-02,60.0058,META
2023-03-03,68.4594,META
2023-03-06,67.9544,META
2023-03-07,67.3581,META
2023-03-08,67.7179,META
2023-03-09,62.4332,META
2023-03-10,59.1303,META
2023-03-13,60.5629,META
2023-03-14,70.9233,META
2023-03-15,73.0879,META
2023-03-16,76.6858,META
2023-03-17,64.6108,META
2023-03-20,65.9729,META
2023-03-21,68.5503,META
2023-03-22,65.6569,META
2023-03-23,68.3899,META
2023-03-24,69.4048,META
2023-03-27,65.2698,META
2023-03-28,62.5359,META
2023-03-29,65.865,META
2023-03-30,67.5221,META
2023-03-31,70.0964,META
2023-04-03,70.7837,META
2023-04-04,71.8029,META
2023-04-05,66.8701,META
2023-04-06,70.0316,META
2023-04-10,67.9899,META
2023-04-11,66.5959,META
2023-04-12,66.7184,META
2023-04-13,71.4847,META
2023-04-14,72.253,META
2023-04-17,67.72,META
2023-04-18,66.0735,META
2023-04-19,62.3856,META
2023-04-20,58.1854,META
2023-04-21,57.8981,META
2023-04-24,57.7276,META
2023-04-25,49.4998,META
2023-04-26,52.0957,META
2023-04-27,74.4181,META
2023-04-28,75.1701,META
2023-05-01,76.385,META
2023-05-02,71.2154,META
2023-05-03,68.4184,META
2023-05-04,64.1115,META
2023-05-05,63.2081,META
2023-05-08,63.5741,META
2023-05-09,63.6536,META
2023-05-10,63.2228,META
2023-05-11,65.5678,META
2023-05-12,62.4354,META
2023-05-15,66.7928,META
2023-05-16,66.7268,META
2023-05-17,69.6837,META
2023-05-18,72.7857,META
2023-05-19,70.6283,META
2023-05-22,72.5678,META
2023-05-23,69.6479,META
2023-05-24,71.5735,META
2023-05-25,74.0696,META
2023-05-26,79.323,META
2023-05-30,79.552,META
2023-05-31,80.612,META
2023-06-01,83.8462,META
2023-06-02,83.8462,META
2023-06-05,81.4108,META
2023-06-06,80.8511,META
2023-06-07,67.0288,META
2023-06-08,67.8014,META
2023-06-09,68.1052,META
2023-06-12,72.6823,META
2023-06-13,72.8679,META
2023-06-14,74.2826,META
2023-06-15,79.169,META
2023-06-16,77.6145,META
2023-06-20,79.3651,META
2023-06-21,74.3099,META
2023-06-22,76.2704,META
2023-06-23,78.3816,META
2023-06-26,62.4387,META
2023-06-27,68.2539,META
2023-06-28,65.9968,META
2023-06-29,61.3305,META
2023-06-30,65.1742,META
2023-07-03,63.968,META
2023-07-05,69.2913,META
2023-07-06,66.2853,META
2023-07-07,64.4386,META
2023-07-10,66.8692,META
2023-07-11,69.5039,META
2023-07-12,75.1225,META
2023-07-13,76.8168,META
2023-07-14,71.0075,META
2023-07-17,71.89,META
2023-07-18,72.6233,META
2023-07-19,74.5993,META
2023-07-20,58.9811,META
2023-07-21,51.8262,META
2023-07-24,49.7415,META
2023-07-25,51.9863,META
2023-07-26,55.0835,META
2023-07-27,63.2627,META
2023-07-28,69.5255,META
2023-07-31,63.684,META
2023-08-01,65.5463,META
2023-08-02,58.8984,META
2023-08-03,58.0529,META
2023-08-04,56.1466,META
2023-08-07,59.5377,META
2023-08-08,56.3807,META
2023-08-09,50.8742,META
2023-08-10,51.2401,META
2023-08-11,48.2469,META
2023-08-14,51.6241,META
2023-08-15,48.4511,META
2023-08-16,43.2761,META
2023-08-17,38.0232,META
2023-08-18,37.0545,META
2023-08-21,42.7332,META
2023-08-22,41.3439,META
2023-08-23,46.7284,META
2023-08-24,42.0403,META
2023-08-25,41.2957,META
2023-08-28,45.271,META
2023-08-29,51.0661,META
2023-08-30,48.978,META
2023-08-31,49.5848,META
2023-09-01,49.9822,META
2023-09-05,53.0486,META
2023-09-06,52.1536,META
2023-09-07,51.6745,META
2023-09-08,50.8892,META
2023-09-11,59.1729,META
2023-09-12,53.2691,META
2023-09-13,55.9939,META
2023-09-14,60.8139,META
2023-09-15,50.5905,META
2023-09-18,52.2863,META
2023-09-19,54.1911,META
2023-09-20,49.6197,META
2023-09-21,46.5352,META
2023-09-22,49.4145,META
2023-09-25,50.9021,META
2023-09-26,49.2359,META
2023-09-27,48.1291,META
2023-09-28,53.8281,META
2023-09-29,50.244,META
2023-10-02,55.8272,META
2023-10-03,50.4084,META
2023-10-04,54.1873,META
2023-10-05,53.4406,META
2023-10-06,61.196,META
2023-10-09,63.0226,META
2023-10-10,65.1226,META
2023-10-11,68.4394,META
2023-10-12,64.4025,META
2023-10-13,55.3116,META
2023-10-16,59.5103,META
2023-10-17,61.2405,META
2023-10-18,54.9975,META
2023-10-19,51.6426,META
2023-10-20,48.4591,META
2023-10-23,52.5203,META
2023-10-24,51.3338,META
2023-10-25,42.1817,META
2023-10-26,36.2116,META
2023-10-27,42.752,META
2023-10-30,46.901,META
2023-10-31,46.0584,META
2023-11-01,52.9826,META
2023-11-02,52.3127,META
2023-11-03,54.6622,META
2023-11-06,55.4231,META
2023-11-07,57.3626,META
2023-11-08,57.9883,META
2023-11-09,58.5142,META
2023-11-10,63.7334,META
2023-11-13,63.9827,META
2023-11-14,67.9992,META
2023-11-15,64.1065,META
2023-11-16,64.9938,META
2023-11-17,65.5209,META
2023-11-20,68.485,META
2023-11-21,64.844,META
2023-11-22,67.6387,META
2023-11-24,63.697,META
2023-11-27,59.6438,META
2023-11-28,62.7464,META
2023-11-29,55.4767,META
2023-11-30,50.7659,META
2023-12-01,48.7106,META
2023-12-04,44.6961,META
2023-12-05,43.3107,META
2023-12-06,42.6199,META
2023-12-07,51.6555,META
2023-12-08,56.6141,META
2023-12-11,49.9265,META
2023-12-12,56.5427,META
2023-12-13,56.8994,META
2023-12-14,55.4203,META
2023-12-15,56.7693,META
2023-12-18,63.3836,META
2023-12-19,66.6367,META
2023-12-20,65.4583,META
2023-12-21,68.1589,META
2023-12-22,67.3338,META
2023-12-26,68.187,META
2023-12-27,69.9479,META
2023-12-28,70.2376,META
2023-12-29,64.2968,META
2024-01-02,55.4168,META
2024-01-03,53.5277,META
2024-01-04,55.8858,META
2024-01-05,59.8815,META
2024-01-08,64.6692,META
2024-01-09,63.1808,META
2024-01-10,70.8428,META
2024-01-11,69.882,META
2024-01-12,72.318,META
2024-01-16,64.1663,META
2024-01-17,64.7206,META
2024-01-18,69.1093,META
2024-01-19,72.575,META
2024-01-22,70.6282,META
2024-01-23,72.2688,META
2024-01-24,74.7148,META
2024-01-25,75.7534,META
2024-01-26,76.1615,META
2024-01-29,78.9026,META
2024-01-30,77.5624,META
2024-01-31,65.2326,META
2024-02-01,67.8102,META
2024-02-02,86.4759,META
2024-02-05,77.1213,META
2024-02-06,74.5084,META
2024-02-07,77.1516,META
2024-02-08,77.2218,META
2024-02-09,76.0627,META
2024-02-12,76.2234,META
2024-02-13,70.5562,META
2024-02-14,73.7112,META
2024-02-15,75.9758,META
2024-02-16,69.5479,META
2024-02-20,68.6313,META
2024-02-21,66.6898,META
2024-02-22,71.5644,META
2024-02-23,70.2794,META
2024-02-26,68.828,META
2024-02-27,70.3567,META
2024-02-28,68.2984,META
2024-02-29,70.1921,META
2024-03-01,73.5777,META
2024-03-04,70.6589,META
2024-03-05,65.2531,META
2024-03-06,67.241,META
2024-03-07,71.9765,META
2024-03-08,67.8808,META
2024-03-11,55.6588,META
2024-03-12,61.1088,META
2024-03-13,59.0858,META
2024-03-14,57.2593,META
2024-03-15,53.5732,META
2024-03-18,58.3809,META
2024-03-19,58.0092,META
2024-03-20,61.3338,META
2024-03-21,62.1135,META
2024-03-22,62.7704,META
2024-03-25,58.8121,META
2024-03-26,54.7695,META
2024-03-27,53.639,META
2024-03-28,49.18,META
2024-04-01,52.1642,META
2024-04-02,55.1251,META
2024-04-03,59.3433,META
2024-04-04,61.0999,META
2024-04-05,67.1115,META
2024-04-08,62.0256,META
2024-04-09,60.5892,META
2024-04-10,61.7777,META
2024-04-11,63.1383,META
2024-04-12,55.8932,META
2024-04-15,49.5474,META
2024-04-16,49.3046,META
2024-04-17,46.3929,META
2024-04-18,50.6747,META
2024-04-19,41.0752,META
2024-04-22,41.4554,META
2024-04-23,49.1497,META
2024-04-24,47.9225,META
2024-04-25,31.138,META
2024-04-26,32.0769,META
2024-04-29,29.6453,META
2024-04-30,29.0998,META
2024-05-01,33.9205,META
2024-05-02,35.2298,META
2024-05-03,40.4735,META
2024-05-06,46.6781,META
2024-05-07,47.772,META
2024-05-08,49.666,META
2024-05-09,50.906,META
2024-05-10,51.2637,META
2024-05-13,47.3621,META
2024-05-14,49.3101,META
2024-05-15,53.942,META
2024-05-16,49.744,META
2024-05-17,49.0905,META
2024-05-20,47.5265,META
2024-05-21,45.3909,META
2024-05-22,47.2991,META
2024-05-23,46.1954,META
2024-05-24,53.4685,META
2024-05-28,54.3761,META
2024-05-29,50.8805,META
2024-05-30,46.6357,META
2024-05-31,46.51,META
2024-06-03,53.1084,META
2024-06-04,52.7795,META
2024-06-05,61.95,META
2024-06-06,61.0317,META
2024-06-07,60.438,META
2024-06-10,64.8725,META
2024-06-11,66.8916,META
2024-06-12,67.4582,META
2024-06-13,63.4143,META
2024-06-14,63.6912,META
2024-06-17,64.9526,META
2024-06-18,58.6136,META
2024-06-20,59.9175,META
2024-06-21,54.1631,META
2024-06-24,56.828,META
2024-06-25,63.3271,META
2024-06-26,64.5655,META
2024-06-27,67.5786,META
2024-06-28,55.4775,META
2024-07-01,55.7335,META
2024-07-02,58.4305,META
2024-07-03,58.6891,META
2024-07-05,71.2385,META
2024-07-08,63.8524,META
2024-07-09,64.1097,META
2024-07-10,65.9121,META
2024-07-11,52.5793,META
2024-07-12,46.2436,META
2024-07-15,45.0969,META
2024-07-16,42.4333,META
2024-07-17,33.2135,META
2024-07-18,40.1908,META
2024-07-19,40.6437,META
2024-07-22,45.6469,META
2024-07-23,46.2402,META
2024-07-24,36.9957,META
2024-07-25,34.8452,META
2024-07-26,40.6541,META
2024-07-29,40.6588,META
2024-07-30,39.8147,META
2024-07-31,45.4481,META
2024-08-01,54.4793,META
2024-08-02,50.6922,META
2024-08-05,46.2194,META
2024-08-06,52.8481,META
2024-08-07,50.9439,META
2024-08-08,57.5431,META
2024-08-09,59.8305,META
2024-08-12,59.0643,META
2024-08-13,62.6294,META
2024-08-14,61.8098,META
2024-08-15,64.7591,META
2024-08-16,60.0748,META
2024-08-19,60.6501,META
2024-08-20,59.3867,META
2024-08-21,62.1908,META
2024-08-22,60.4681,META
2024-08-23,58.3502,META
2024-08-26,54.7358,META
2024-08-27,53.6843,META
2024-08-28,52.4384,META
2024-08-29,53.165,META
2024-08-30,54.7619,META
2024-09-03,49.1804,META
2024-09-04,49.7465,META
2024-09-05,52.159,META
2024-09-06,43.1716,META
2024-09-09,45.9064,META
2024-09-10,45.9064,META
2024-09-11,50.2326,META
2024-09-12,57.4079,META
2024-09-13,56.7805,META
2024-09-16,61.0641,META
2024-09-17,62.3952,META
2024-09-18,63.1266,META
2024-09-19,70.9871,META
2024-09-20,71.6788,META
2024-09-23,72.6344,META
2024-09-24,71.7147,META
2024-09-25,73.3879,META
2024-09-26,72.9493,META
2024-09-27,72.473,META
2024-09-30,74.3798,META
2024-10-01,75.8113,META
2024-10-02,71.8831,META
2024-10-03,75.5899,META
2024-10-04,79.4482,META
2024-10-07,69.4331,META
2024-10-08,72.1778,META
2024-10-09,70.186,META
2024-10-10,64.7825,META
2024-10-11,67.2688,META
2024-10-14,67.4588,META
2024-10-15,63.9299,META
2024-10-16,56.6409,META
2024-10-17,56.7193,META
2024-10-18,56.3584,META
2024-10-21,55.2795,META
2024-10-22,59.6313,META
2024-10-23,46.5768,META
2024-10-24,49.2481,META
2024-10-25,52.6576,META
2024-10-28,55.5446,META
2024-10-29,63.0225,META
2024-10-30,61.9245,META
2024-10-31,47.3771,META
2024-11-01,47.1702,META
2024-11-04,43.9784,META
2024-11-05,50.5168,META
2024-11-06,50.3123,META
2024-11-07,59.4534,META
2024-11-08,58.0716,META
2024-11-11,54.5049,META
2024-11-12,55.2956,META
2024-11-13,52.4289,META
2024-11-14,50.7591,META
2024-11-15,39.6946,META
2024-11-18,39.8902,META
2024-11-19,43.9819,META
2024-11-20,46.5752,META
2024-11-21,45.3354,META
2024-11-22,43.3169,META
2024-11-25,47.1471,META
2024-11-26,52.072,META
2024-11-27,49.514,META
2024-11-29,52.4798,META
2024-12-02,61.3252,META
2024-12-03,68.441,META
2024-12-04,68.48,META
2024-12-05,65.241,META
2024-12-06,69.9279,META
2024-12-09,63.5819,META
2024-12-10,65.4835,META
2024-12-11,69.4722,META
2024-12-12,68.2703,META
2024-12-13,61.8997,META
2024-12-16,63.4444,META
2024-12-17,60.5514,META
2024-12-18,49.3237,META
2024-12-19,48.6169,META
2024-12-20,44.265,META
2024-12-23,50.9539,META
2024-12-24,54.1596,META
2024-12-26,52.1164,META
2024-12-27,50.4668,META
2024-12-30,46.6197,META
2024-12-31,44.194,META
2025-01-02,50.8001,META
2025-01-03,53.145,META
2025-01-06,62.3198,META
2025-01-07,56.5761,META
2025-01-08,53.4842,META
2025-01-10,55.3673,META
2025-01-13,52.0433,META
2025-01-14,46.4302,META
2025-01-15,54.9327,META
2025-01-16,52.6429,META
2025-01-17,53.1738,META
2025-01-21,54.5513,META
2025-01-22,57.1416,META
2025-01-23,61.4896,META
2025-01-24,64.7708,META
2025-01-27,68.06,META
2025-01-28,71.4123,META
2025-01-29,71.8873,META
2025-01-30,74.1388,META
2025-01-31,74.5934,META
2025-02-03,76.2974,META
2025-02-04,77.6118,META
2025-02-05,77.746,META
2025-02-06,79.1557,META
2025-02-07,79.6491,META
2025-02-10,80.2229,META
2025-02-11,80.7109,META
2025-02-12,81.8335,META
2025-02-13,82.46,META
2025-02-14,83.9775,META
2025-02-18,68.096,META
2025-02-19,60.4539,META
2025-02-20,55.6842,META
2025-02-21,50.2827,META
2025-02-24,44.0043,META
2025-02-25,40.2713,META
2025-02-26,47.571,META
2025-02-27,42.2626,META
2025-02-28,46.4114,META
2025-03-03,42.1092,META
2025-03-04,37.7915,META
2025-03-05,44.4984,META
2025-03-06,37.0451,META
2025-03-07,36.5211,META
2025-03-10,30.8021,META
2025-03-11,33.9116,META
2025-03-12,39.1911,META
2025-03-13,33.223,META
2025-03-14,39.2468,META
2025-03-17,38.6662,META
2025-03-18,34.1277,META
2025-03-19,34.7498,META
2025-03-20,35.4984,META
2025-03-21,39.451,META
2025-03-24,47.1421,META
2025-03-25,49.4257,META
2025-03-26,45.1125,META
2025-03-27,42.9032,META
2025-03-28,36.9142,META
2025-03-31,36.8328,META
2025-04-01,40.4231,META
2025-04-02,39.8987,META
2025-04-03,29.4877,META
2025-04-04,25.7658,META
2025-04-07,29.8508,META
2025-04-08,28.986,META
2025-04-09,49.4627,META
2025-04-10,42.5388,META
2025-04-11,42.1015,META
2025-04-14,40.1271,META
2025-04-15,38.5242,META
2025-04-16,35.5728,META
2025-04-17,35.4464,META
2025-04-21,32.8963,META
2025-04-22,37.4003,META
2025-04-23,42.7009,META
2025-04-24,45.8807,META
2025-04-25,49.2083,META
2025-04-28,49.7899,META
2025-04-29,50.9411,META
2025-04-30,49.5258,META
2025-05-01,55.2398,META
2025-05-02,60.4005,META
2025-05-05,60.8414,META
2025-05-06,57.1957,META
2025-05-07,59.2828,META
2025-05-08,59.5511,META
2025-05-09,57.6687,META
2025-05-12,67.1716,META
2025-05-13,69.7572,META
2025-05-14,70.2632,META
2025-05-15,64.833,META
2025-05-16,63.6221,META
2025-05-19,63.6407,META
2025-05-20,62.3704,META
2025-05-21,61.7328,META
2025-05-22,62.0125,META
2025-05-23,57.9583,META
2025-05-27,62.2259,META
2025-05-28,62.5638,META
2025-05-29,62.9798,META
