date,open,high,low,close,volume,symbol,rsi,sma,month,month_name,weekday_name
2025-01-03,243.36,244.18,241.89,243.36,40244114.0,AAPL,45.3638,251.0493,1,January,Friday
2025-01-06,244.31,247.33,243.2,245.0,45045571.0,AAPL,48.1452,250.8263,1,January,Monday
2025-01-07,242.98,245.55,241.35,242.21,40855960.0,AAPL,44.038,250.197,1,January,Tuesday
2025-01-08,241.92,243.7123,240.05,242.7,37628940.0,AAPL,44.9266,249.4288,1,January,Wednesday
2025-01-10,240.01,240.16,233.0,236.85,61710856.0,AAPL,37.3095,248.6307,1,January,Friday
2025-01-13,233.53,234.67,229.72,234.4,49630725.0,AAPL,34.6592,247.5339,1,January,Monday
2025-01-14,234.75,236.12,232.472,233.28,39435294.0,AAPL,33.4881,246.0225,1,January,Tuesday
2025-01-15,234.635,238.96,234.43,237.87,39831969.0,AAPL,42.1198,244.7825,1,January,Wednesday
2025-01-16,237.35,238.01,228.03,228.26,71759052.0,AAPL,32.585,242.6489,1,January,Thursday
2025-01-17,232.115,232.29,228.48,229.98,68488301.0,AAPL,35.4036,240.5794,1,January,Friday
2025-01-21,224.0,224.42,219.38,222.64,98070429.0,AAPL,29.6975,238.2314,1,January,Tuesday
2025-01-22,219.79,224.12,219.79,223.83,64126500.0,AAPL,31.6217,236.2096,1,January,Wednesday
2025-01-23,224.74,227.03,222.3,223.66,60234760.0,AAPL,31.4891,234.3027,1,January,Thursday
2025-01-24,224.78,225.63,221.41,222.78,54697907.0,AAPL,30.7698,232.8012,1,January,Friday
2025-01-27,224.02,232.15,223.98,229.86,94863418.0,AAPL,42.2072,231.8391,1,January,Monday
2025-01-28,230.85,240.19,230.81,238.26,75707569.0,AAPL,52.2803,231.3588,1,January,Tuesday
2025-01-29,234.12,239.855,234.01,239.36,45486100.0,AAPL,53.4251,231.1557,1,January,Wednesday
2025-01-30,238.665,240.79,237.21,237.59,55658279.0,AAPL,51.2927,230.7916,1,January,Thursday
2025-01-31,247.19,247.19,233.44,236.0,101075128.0,AAPL,49.3858,230.731,1,January,Friday
2025-02-03,229.99,231.83,225.7,228.01,73063301.0,AAPL,41.1141,230.2756,2,February,Monday
2025-02-04,227.25,233.13,226.65,232.8,45067301.0,AAPL,46.8604,230.2414,2,February,Tuesday
2025-02-05,228.53,232.67,228.27,232.47,39664989.0,AAPL,46.5235,229.8566,2,February,Wednesday
2025-02-06,231.285,233.8,230.425,233.22,29925349.0,AAPL,47.4481,230.2101,2,February,Thursday
2025-02-07,232.6,234.0,227.26,227.63,39707224.0,AAPL,41.6661,230.0426,2,February,Friday
2025-02-10,229.57,230.585,227.2,227.65,33115645.0,AAPL,42.0335,230.4174,2,February,Monday
2025-02-11,228.2,235.23,228.13,232.62,53718362.0,AAPL,48.4742,231.062,2,February,Tuesday
2025-02-12,231.2,236.96,230.68,236.87,45243292.0,AAPL,53.2571,232.022,2,February,Wednesday
2025-02-13,236.91,242.3399,235.57,241.53,53614054.0,AAPL,57.8744,233.377,2,February,Thursday
2025-02-14,241.25,245.55,240.99,244.6,40896227.0,AAPL,60.6333,234.4466,2,February,Friday
2025-02-18,244.15,245.18,241.84,244.47,48822491.0,AAPL,60.4528,234.9082,2,February,Tuesday
2025-02-19,244.66,246.01,243.1604,244.87,32204215.0,AAPL,60.8392,235.3201,2,February,Wednesday
2025-02-20,244.94,246.78,244.29,245.83,32316907.0,AAPL,61.8038,235.9265,2,February,Thursday
2025-02-21,245.95,248.69,245.22,245.55,53197431.0,AAPL,61.3293,236.6263,2,February,Friday
2025-02-24,244.925,248.86,244.42,247.1,51326396.0,AAPL,63.0217,238.006,2,February,Monday
2025-02-25,248.0,250.0,244.91,247.04,48013272.0,AAPL,62.907,239.0401,2,February,Tuesday
2025-02-26,244.33,244.98,239.13,240.36,44433564.0,AAPL,51.6328,239.6212,2,February,Wednesday
2025-02-27,239.41,242.46,237.06,237.3,41153639.0,AAPL,47.4386,239.9305,2,February,Thursday
2025-02-28,236.95,242.09,230.2,241.84,56833360.0,AAPL,53.4768,240.9621,2,February,Friday
2025-03-03,241.79,244.0272,236.112,238.03,47183985.0,AAPL,48.4469,241.7026,3,March,Monday
2025-03-04,237.705,240.07,234.68,235.93,53798062.0,AAPL,45.8851,241.9387,3,March,Tuesday
2025-03-05,235.42,236.55,229.23,235.74,47227643.0,AAPL,45.6498,241.8581,3,March,Wednesday
2025-03-06,234.435,237.86,233.1581,235.33,45170419.0,AAPL,45.1125,241.4158,3,March,Thursday
2025-03-07,235.105,241.37,234.76,239.07,46273565.0,AAPL,50.8018,241.0213,3,March,Friday
2025-03-10,235.54,236.16,224.22,227.48,71451281.0,AAPL,37.7448,239.8092,3,March,Monday
2025-03-11,223.805,225.8399,217.45,220.84,76137410.0,AAPL,32.5787,238.0949,3,March,Tuesday
2025-03-12,220.14,221.75,214.91,216.98,62547467.0,AAPL,30.0074,236.0367,3,March,Wednesday
2025-03-13,215.95,216.8394,208.42,209.68,61368330.0,AAPL,25.8519,233.4777,3,March,Thursday
2025-03-14,211.25,213.95,209.58,213.49,60107582.0,AAPL,31.2065,231.08,3,March,Friday
2025-03-17,213.31,215.22,209.97,214.0,48073426.0,AAPL,31.9153,228.7229,3,March,Monday
2025-03-18,214.16,215.15,211.49,212.69,42432426.0,AAPL,31.0309,226.7489,3,March,Tuesday
2025-03-19,214.22,218.76,213.75,215.24,54385391.0,AAPL,34.8173,225.1751,3,March,Wednesday
2025-03-20,213.99,217.4899,212.22,214.1,48862947.0,AAPL,33.9208,223.1961,3,March,Thursday
2025-03-21,211.56,218.84,211.28,218.27,94127768.0,AAPL,40.0065,221.7864,3,March,Friday
2025-03-24,221.0,221.48,218.58,220.73,44299483.0,AAPL,43.3227,220.7021,3,March,Monday
2025-03-25,220.77,224.1,220.08,223.75,34493583.0,AAPL,47.1825,219.8467,3,March,Tuesday
2025-03-26,223.51,225.02,220.47,221.53,34532656.0,AAPL,44.7689,218.8622,3,March,Wednesday
2025-03-27,221.39,224.99,220.5601,223.85,37094774.0,AAPL,47.7755,217.7764,3,March,Thursday
2025-03-28,221.67,223.81,217.68,217.9,39818617.0,AAPL,41.5312,217.0929,3,March,Friday
2025-03-31,217.005,225.62,216.23,222.13,65299321.0,AAPL,46.8498,217.185,3,March,Monday
2025-04-01,219.805,223.68,218.9,223.19,36412740.0,AAPL,48.1232,217.628,4,April,Tuesday
2025-04-02,221.315,225.19,221.02,223.89,35905904.0,AAPL,48.9924,218.6417,4,April,Wednesday
2025-04-03,205.54,207.49,201.25,203.19,103419006.0,AAPL,31.9469,217.9069,4,April,Thursday
2025-04-04,193.89,199.88,187.34,188.38,125910913.0,AAPL,25.1933,216.0792,4,April,Friday
2025-04-07,177.2,194.15,174.62,181.46,160466286.0,AAPL,22.771,213.8512,4,April,Monday
2025-04-08,186.7,190.335,169.2101,172.42,120859491.0,AAPL,20.0578,210.7964,4,April,Tuesday
2025-04-09,171.95,200.61,171.89,198.85,184395885.0,AAPL,41.8665,209.7085,4,April,Wednesday
2025-04-10,189.065,194.7799,183.0,190.42,121879981.0,AAPL,38.2795,207.7216,4,April,Thursday
2025-04-11,186.1,199.54,186.06,198.15,87435915.0,AAPL,43.0941,206.1108,4,April,Friday
2025-04-14,211.44,212.94,201.1621,202.52,101352911.0,AAPL,45.6742,204.5962,4,April,Monday
2025-04-15,201.855,203.51,199.8,202.14,51343872.0,AAPL,45.4811,203.2129,4,April,Tuesday
2025-04-16,198.36,200.7,192.37,194.27,59732423.0,AAPL,41.5619,201.1027,4,April,Wednesday
2025-04-17,197.2,198.8335,194.42,196.98,52164675.0,AAPL,43.3715,199.6102,4,April,Thursday
2025-04-21,193.265,193.8,189.8112,193.16,46742537.0,AAPL,41.4243,197.5435,4,April,Monday
2025-04-22,196.12,201.59,195.97,199.74,52976371.0,AAPL,45.9276,195.8705,4,April,Tuesday
2025-04-23,206.0,208.0,202.799,204.6,52929165.0,AAPL,49.0436,194.4944,4,April,Wednesday
2025-04-24,204.89,208.8299,202.94,208.37,47310989.0,AAPL,51.3841,194.8639,4,April,Thursday
2025-04-25,206.365,209.75,206.2,209.28,38222258.0,AAPL,51.9577,196.3549,4,April,Friday
2025-04-28,210.0,211.5,207.46,210.14,38743074.0,AAPL,52.5277,198.401,4,April,Monday
2025-04-29,208.693,212.24,208.37,211.21,36827633.0,AAPL,53.2706,201.1683,4,April,Tuesday
2025-04-30,209.3,213.58,206.6705,212.5,52286454.0,AAPL,54.2012,202.1421,4,April,Wednesday
2025-05-01,209.08,214.56,208.9,213.32,57365675.0,AAPL,54.8171,203.7758,5,May,Thursday
2025-05-02,206.09,206.99,202.16,205.35,101010621.0,AAPL,48.0526,204.2894,5,May,Friday
2025-05-05,203.1,204.1,198.21,198.89,69018452.0,AAPL,43.38,204.0305,5,May,Monday
2025-05-06,198.21,200.65,197.02,198.51,51216482.0,AAPL,43.1144,203.7715,5,May,Tuesday
2025-05-07,199.17,199.44,193.25,196.25,68616943.0,AAPL,41.4875,203.9128,5,May,Wednesday
2025-05-08,197.72,200.05,194.6796,197.49,50478872.0,AAPL,42.7637,203.9492,5,May,Thursday
2025-05-09,199.0,200.5399,197.535,198.53,36453923.0,AAPL,43.8694,204.3323,5,May,Friday
2025-05-12,210.97,211.2679,206.75,210.79,63775814.0,AAPL,55.1117,205.1391,5,May,Monday
2025-05-13,210.43,213.4,209.0,212.93,51909332.0,AAPL,56.7097,205.7521,5,May,Tuesday
2025-05-14,212.43,213.94,210.5801,212.33,49325825.0,AAPL,56.1066,206.0533,5,May,Wednesday
2025-05-15,210.95,212.96,209.54,211.45,45029473.0,AAPL,55.1798,206.2267,5,May,Thursday
2025-05-16,212.36,212.57,209.77,211.26,54737850.0,AAPL,54.9686,206.3252,5,May,Friday
2025-05-19,207.91,209.48,204.26,208.78,46140527.0,AAPL,52.1629,206.1702,5,May,Monday
2025-05-20,207.67,208.47,205.03,206.86,42496635.0,AAPL,50.0337,205.7861,5,May,Tuesday
2025-05-21,205.17,207.04,200.71,202.09,59211774.0,AAPL,45.1075,205.0027,5,May,Wednesday
2025-05-22,200.71,202.75,199.7,201.36,46742407.0,AAPL,44.3872,204.7358,5,May,Thursday
2025-05-23,193.665,197.7,193.46,195.27,78432918.0,AAPL,38.8184,204.4947,5,May,Friday
2025-05-27,198.3,200.74,197.43,200.21,56288475.0,AAPL,44.8615,204.6336,5,May,Tuesday
2025-05-28,200.59,202.73,199.9,200.42,45339678.0,AAPL,45.1097,204.9487,5,May,Wednesday
2025-05-29,203.575,203.81,198.51,199.95,51477938.0,AAPL,44.6255,205.1418,5,May,Thursday
2025-01-03,421.08,424.03,419.54,423.35,16662943.0,MSFT,41.6101,433.7545,1,January,Friday
2025-01-06,428.0,434.32,425.4774,427.85,20573648.0,MSFT,46.3049,432.3726,1,January,Monday
2025-01-07,429.0,430.65,420.8,422.37,18139065.0,MSFT,41.888,430.2934,1,January,Tuesday
2025-01-08,423.46,426.97,421.54,424.56,15054575.0,MSFT,44.1795,428.1659,1,January,Wednesday
2025-01-10,424.63,424.71,415.02,418.95,20201132.0,MSFT,39.845,426.8538,1,January,Friday
2025-01-13,415.235,418.5,412.29,417.19,17604780.0,MSFT,38.5666,425.442,1,January,Monday
2025-01-14,417.81,419.74,410.72,415.67,16935856.0,MSFT,37.4491,423.9527,1,January,Tuesday
2025-01-15,419.13,428.15,418.265,426.31,19637838.0,MSFT,48.6629,423.3166,1,January,Wednesday
2025-01-16,428.695,429.49,424.39,424.58,15300023.0,MSFT,47.1818,422.267,1,January,Thursday
2025-01-17,434.085,434.48,428.17,429.03,26197507.0,MSFT,51.2887,421.6209,1,January,Friday
2025-01-21,430.2,430.8999,425.595,428.5,26085703.0,MSFT,50.7822,421.4765,1,January,Tuesday
2025-01-22,437.56,447.27,436.0,446.2,27803811.0,MSFT,63.6807,422.9971,1,January,Wednesday
2025-01-23,442.0,446.75,441.5048,446.71,18389270.0,MSFT,63.9737,424.7909,1,January,Thursday
2025-01-24,445.16,446.65,441.4,444.06,15549453.0,MSFT,61.2108,426.604,1,January,Friday
2025-01-27,424.01,435.2,423.5,434.56,35647805.0,MSFT,52.4632,427.4017,1,January,Monday
2025-01-28,434.6,448.38,431.38,447.2,23491703.0,MSFT,60.5429,428.7785,1,January,Tuesday
2025-01-29,446.69,446.88,440.4,442.33,23581370.0,MSFT,56.5545,430.1988,1,January,Wednesday
2025-01-30,418.77,422.86,413.16,414.99,54586260.0,MSFT,40.4458,429.5178,1,January,Thursday
2025-01-31,418.98,420.69,414.91,415.06,34223388.0,MSFT,40.4925,429.241,1,January,Friday
2025-02-03,411.6,415.41,408.66,410.92,25679149.0,MSFT,38.5649,428.7949,2,February,Monday
2025-02-04,412.685,413.9199,409.74,412.37,20532096.0,MSFT,39.6486,428.5601,2,February,Tuesday
2025-02-05,412.35,413.827,410.4,413.29,16336188.0,MSFT,40.3673,427.6336,2,February,Wednesday
2025-02-06,414.0,418.2,414.0,415.82,16309755.0,MSFT,42.3988,427.0103,2,February,Thursday
2025-02-07,416.48,418.65,408.1,409.75,22886844.0,MSFT,38.9687,425.6384,2,February,Friday
2025-02-10,413.71,415.4624,410.92,412.22,20817919.0,MSFT,41.0583,424.48,2,February,Monday
2025-02-11,409.64,412.49,409.3,411.44,18140592.0,MSFT,40.5858,422.0066,2,February,Tuesday
2025-02-12,407.21,410.75,404.3673,409.04,19121734.0,MSFT,39.0947,419.3262,2,February,Wednesday
2025-02-13,407.0,411.0,406.36,410.54,23891731.0,MSFT,40.5644,416.941,2,February,Thursday
2025-02-14,407.79,408.91,405.88,408.43,22758464.0,MSFT,39.1339,415.0817,2,February,Friday
2025-02-18,408.0,410.597,406.5,409.64,21423051.0,MSFT,40.4312,412.4091,2,February,Tuesday
2025-02-19,407.88,415.49,407.65,414.77,24114197.0,MSFT,45.7143,410.448,2,February,Wednesday
2025-02-20,415.29,419.31,412.54,416.13,23508728.0,MSFT,47.841,410.5882,2,February,Thursday
2025-02-21,417.335,418.048,407.89,408.21,27524799.0,MSFT,41.4969,410.1587,2,February,Friday
2025-02-24,408.51,409.37,399.32,404.0,26443656.0,MSFT,38.5691,409.7236,2,February,Monday
2025-02-25,401.1,401.915,396.7,397.9,29387402.0,MSFT,34.744,408.7505,2,February,Tuesday
2025-02-26,398.01,403.6,394.245,399.73,19618954.0,MSFT,36.7699,407.8423,2,February,Wednesday
2025-02-27,401.265,405.74,392.17,392.53,21127406.0,MSFT,32.4953,406.2408,2,February,Thursday
2025-02-28,392.655,397.63,386.57,396.99,32845658.0,MSFT,37.3537,405.3892,2,February,Friday
2025-03-03,398.82,398.82,386.155,388.49,23007726.0,MSFT,32.5461,403.7558,3,March,Monday
2025-03-04,383.4,392.58,381.0,388.61,29342923.0,MSFT,32.6778,402.1865,3,March,Tuesday
2025-03-05,389.34,401.67,388.81,401.02,23433132.0,MSFT,44.7047,401.6727,3,March,Wednesday
2025-03-06,394.28,402.15,392.6777,396.89,23304625.0,MSFT,42.0147,400.7578,3,March,Thursday
2025-03-07,392.32,394.8,385.54,393.31,22034087.0,MSFT,39.7801,399.7377,3,March,Friday
2025-03-10,385.84,386.4,377.22,380.16,32569768.0,MSFT,32.8657,397.694,3,March,Monday
2025-03-11,379.0,386.0,376.91,380.45,30380177.0,MSFT,33.1417,395.3059,3,March,Tuesday
2025-03-12,382.95,385.2165,378.9507,383.27,24253567.0,MSFT,35.9013,392.9631,3,March,Wednesday
2025-03-13,383.155,385.32,377.45,378.77,20473017.0,MSFT,33.5234,390.8641,3,March,Thursday
2025-03-14,379.775,390.23,379.51,388.56,19952846.0,MSFT,42.4534,389.7632,3,March,Friday
2025-03-17,386.7,392.705,385.57,388.7,22474272.0,MSFT,42.5722,389.1073,3,March,Monday
2025-03-18,387.07,387.37,381.1,383.52,19486850.0,MSFT,39.3363,387.9515,3,March,Tuesday
2025-03-19,385.525,389.68,384.0,387.82,19185532.0,MSFT,43.1961,387.6157,3,March,Wednesday
2025-03-20,385.735,391.785,383.28,386.84,18470542.0,MSFT,42.5319,386.892,3,March,Thursday
2025-03-21,383.215,391.74,382.8,391.26,39675928.0,MSFT,46.5257,387.0895,3,March,Friday
2025-03-24,395.4,395.4,389.81,393.08,21004548.0,MSFT,48.1243,387.4082,3,March,Monday
2025-03-25,393.915,396.36,392.64,395.16,15774968.0,MSFT,49.9653,386.9904,3,March,Tuesday
2025-03-26,395.0,395.31,388.57,389.97,16132906.0,MSFT,45.6153,386.4971,3,March,Wednesday
2025-03-27,390.13,392.24,387.395,390.58,13766761.0,MSFT,46.2081,386.3024,3,March,Thursday
2025-03-28,388.08,389.13,376.93,378.8,21632016.0,MSFT,37.6693,386.2054,3,March,Friday
2025-03-31,372.535,377.07,367.24,375.39,35184676.0,MSFT,35.6175,385.8447,3,March,Monday
2025-04-01,374.65,382.85,373.23,382.19,19689503.0,MSFT,42.3599,385.7677,4,April,Tuesday
2025-04-02,377.965,385.08,376.62,382.14,16092555.0,MSFT,42.3248,386.0079,4,April,Wednesday
2025-04-03,374.785,377.48,369.35,373.11,30197997.0,MSFT,36.4507,384.9064,4,April,Thursday
2025-04-04,364.125,374.59,359.48,359.84,49209854.0,MSFT,29.8865,382.8487,4,April,Friday
2025-04-07,350.88,370.9999,344.79,357.86,50424998.0,MSFT,29.0459,381.0192,4,April,Monday
2025-04-08,368.255,373.65,350.25,354.56,35868918.0,MSFT,27.6502,378.6479,4,April,Tuesday
2025-04-09,353.535,393.225,353.1,390.49,50199696.0,MSFT,53.7238,378.9081,4,April,Wednesday
2025-04-10,382.06,383.9,367.8,381.35,38024368.0,MSFT,48.8964,378.2015,4,April,Thursday
2025-04-11,380.635,390.05,378.89,388.45,23839220.0,MSFT,52.4693,377.8714,4,April,Friday
2025-04-14,393.22,394.65,384.21,387.81,19251172.0,MSFT,52.1156,377.3474,4,April,Monday
2025-04-15,388.505,391.89,384.1599,385.73,17199890.0,MSFT,50.9143,377.0451,4,April,Tuesday
2025-04-16,380.67,381.61,368.0,371.61,21967826.0,MSFT,43.5719,375.6926,4,April,Wednesday
2025-04-17,373.745,374.3215,366.89,367.78,21120192.0,MSFT,41.8106,374.9069,4,April,Thursday
2025-04-21,362.815,364.48,355.67,359.12,20807279.0,MSFT,38.0639,373.7468,4,April,Monday
2025-04-22,363.375,367.77,359.8602,366.82,19484993.0,MSFT,42.9584,372.651,4,April,Tuesday
2025-04-23,376.06,380.39,373.02,374.39,20545526.0,MSFT,47.3624,372.0984,4,April,Wednesday
2025-04-24,375.695,388.45,375.19,387.3,22232289.0,MSFT,53.8995,373.1101,4,April,Thursday
2025-04-25,387.0,392.16,384.6,391.85,18973165.0,MSFT,55.9746,375.3924,4,April,Friday
2025-04-28,391.955,392.74,386.638,391.16,16579430.0,MSFT,55.5661,377.7666,4,April,Monday
2025-04-29,391.3,395.1,390.38,394.04,14973976.0,MSFT,56.9774,380.5815,4,April,Tuesday
2025-04-30,390.3,396.66,384.44,395.26,36461075.0,MSFT,57.5919,380.9216,4,April,Wednesday
2025-05-01,431.11,436.99,424.9,425.4,58938100.0,MSFT,69.2693,384.0622,5,May,Thursday
2025-05-02,431.74,439.44,429.985,435.28,30757434.0,MSFT,71.9919,387.4011,5,May,Friday
2025-05-05,432.87,439.5,432.11,436.17,20136053.0,MSFT,72.2306,390.8491,5,May,Monday
2025-05-06,432.2,437.73,431.17,433.31,15104204.0,MSFT,70.1615,394.2414,5,May,Tuesday
2025-05-07,433.84,438.12,431.1103,433.35,23307241.0,MSFT,70.1744,398.6434,5,May,Wednesday
2025-05-08,437.93,443.67,435.66,438.17,23491330.0,MSFT,71.7551,403.662,5,May,Thursday
2025-05-09,440.0,440.74,435.88,438.73,15324233.0,MSFT,71.9412,409.3381,5,May,Friday
2025-05-12,445.94,449.37,439.78,449.26,22821935.0,MSFT,75.2436,415.2159,5,May,Monday
2025-05-13,447.78,450.6733,445.36,449.14,23618819.0,MSFT,75.135,420.5454,5,May,Tuesday
2025-05-14,448.14,453.9,448.14,452.94,19902796.0,MSFT,76.3008,425.2254,5,May,Wednesday
2025-05-15,450.765,456.19,450.4301,453.13,21992323.0,MSFT,76.6176,429.6537,5,May,Thursday
2025-05-16,452.05,454.36,448.73,454.27,23849781.0,MSFT,76.9886,434.2127,5,May,Friday
2025-05-19,450.875,459.585,450.8,458.87,21336509.0,MSFT,78.4729,438.8948,5,May,Monday
2025-05-20,455.59,458.34,454.3201,458.17,15441808.0,MSFT,77.6521,443.44,5,May,Tuesday
2025-05-21,454.57,457.78,451.814,452.57,19216906.0,MSFT,71.2328,445.4363,5,May,Wednesday
2025-05-22,454.95,460.25,453.9,454.86,18025612.0,MSFT,72.2433,446.8917,5,May,Thursday
2025-05-23,449.98,453.69,448.91,450.18,16883509.0,MSFT,67.0589,447.9494,5,May,Friday
2025-05-27,456.48,460.95,456.115,460.69,20974293.0,MSFT,71.9305,449.9617,5,May,Tuesday
2025-05-28,461.22,462.52,456.93,457.36,17086261.0,MSFT,68.4752,451.7333,5,May,Wednesday
2025-05-29,461.55,461.72,455.3105,458.68,13982211.0,MSFT,69.1087,453.2555,5,May,Thursday
2025-01-03,191.37,193.21,189.975,191.79,18596159.0,GOOGL,58.4145,191.9885,1,January,Friday
2025-01-06,193.98,198.2222,193.85,196.87,29563638.0,GOOGL,63.9139,192.4915,1,January,Monday
2025-01-07,197.11,201.0,194.6,195.49,26487244.0,GOOGL,61.5333,192.408,1,January,Tuesday
2025-01-08,192.57,196.29,192.38,193.95,24864766.0,GOOGL,58.8969,192.3031,1,January,Wednesday
2025-01-10,194.295,196.52,190.31,192.04,26665206.0,GOOGL,55.7089,192.5628,1,January,Friday
2025-01-13,190.07,191.18,187.36,191.01,21823699.0,GOOGL,54.011,192.7412,1,January,Monday
2025-01-14,191.24,191.98,188.3082,189.66,17174854.0,GOOGL,51.7834,192.6163,1,January,Tuesday
2025-01-15,193.09,196.36,191.86,195.55,21775969.0,GOOGL,59.6105,192.682,1,January,Wednesday
2025-01-16,194.14,195.48,192.81,192.91,17815432.0,GOOGL,55.279,192.4537,1,January,Thursday
2025-01-17,196.53,197.23,193.75,196.0,27735089.0,GOOGL,59.0314,192.4822,1,January,Friday
2025-01-21,199.07,202.29,197.87,198.05,29971292.0,GOOGL,61.3484,192.8596,1,January,Tuesday
2025-01-22,199.06,200.48,197.53,198.37,26200617.0,GOOGL,61.7125,193.3683,1,January,Wednesday
2025-01-23,198.14,200.3,195.2,197.98,26951357.0,GOOGL,60.9589,193.9875,1,January,Thursday
2025-01-24,198.1,200.9,198.0,200.21,23877521.0,GOOGL,63.6891,194.7566,1,January,Friday
2025-01-27,192.41,196.88,190.73,191.81,41728893.0,GOOGL,49.6146,194.758,1,January,Monday
2025-01-28,192.745,195.48,190.68,195.3,24157929.0,GOOGL,54.1483,194.646,1,January,Tuesday
2025-01-29,195.555,196.785,193.43,195.41,18218256.0,GOOGL,54.2879,194.6403,1,January,Wednesday
2025-01-30,198.0,201.4,197.67,200.87,24354684.0,GOOGL,60.6867,195.134,1,January,Thursday
2025-01-31,202.0,205.48,201.8,204.02,32041952.0,GOOGL,63.8323,195.9887,1,January,Friday
2025-02-03,200.69,203.75,200.1,201.23,27838348.0,GOOGL,59.3061,196.7178,2,February,Monday
2025-02-04,203.39,207.05,202.81,206.38,43856425.0,GOOGL,64.3335,197.9107,2,February,Tuesday
2025-02-05,191.07,192.75,188.03,191.33,70461770.0,GOOGL,46.3231,197.6096,2,February,Wednesday
2025-02-06,189.5,192.1,188.72,191.6,29297442.0,GOOGL,46.6118,197.5161,2,February,Thursday
2025-02-07,191.05,191.18,183.24,185.34,49314961.0,GOOGL,41.0922,196.7556,2,February,Friday
2025-02-10,187.35,188.2,185.86,186.47,23105649.0,GOOGL,42.4178,195.9295,2,February,Monday
2025-02-11,185.03,186.94,184.28,185.32,21239519.0,GOOGL,41.3968,194.9984,2,February,Tuesday
2025-02-12,183.22,185.11,181.83,183.61,22072559.0,GOOGL,39.8606,193.9733,2,February,Wednesday
2025-02-13,184.32,186.28,183.14,186.14,21402523.0,GOOGL,43.2181,192.9695,2,February,Thursday
2025-02-14,185.055,186.4,184.32,185.23,20448437.0,GOOGL,42.3033,192.5,2,February,Friday
2025-02-18,185.6,185.96,181.7401,183.77,29916675.0,GOOGL,40.8107,191.6775,2,February,Tuesday
2025-02-19,184.07,185.46,183.59,185.27,19549396.0,GOOGL,43.0345,190.954,2,February,Wednesday
2025-02-20,184.8,185.31,182.72,184.56,20441462.0,GOOGL,42.2258,189.7904,2,February,Thursday
2025-02-21,185.15,185.34,179.08,179.66,35199239.0,GOOGL,37.051,188.0525,2,February,Friday
2025-02-24,181.99,183.12,178.885,179.25,29854206.0,GOOGL,36.6463,186.4844,2,February,Monday
2025-02-25,178.04,178.74,174.6939,175.42,41913411.0,GOOGL,33.0182,184.2757,2,February,Tuesday
2025-02-26,175.07,176.08,171.5807,172.73,35431268.0,GOOGL,30.718,182.9487,2,February,Wednesday
2025-02-27,173.99,174.56,167.94,168.5,39991015.0,GOOGL,27.4764,181.3007,2,February,Thursday
2025-02-28,168.68,170.61,166.77,170.28,48130565.0,GOOGL,30.7863,180.2263,2,February,Friday
2025-03-03,171.925,173.37,165.93,167.01,40770451.0,GOOGL,28.2368,178.8379,3,March,Monday
2025-03-04,166.24,173.2946,165.8,170.92,45387996.0,GOOGL,35.1522,177.8106,3,March,Tuesday
2025-03-05,170.52,173.78,169.06,173.02,30954922.0,GOOGL,38.5758,177.0551,3,March,Wednesday
2025-03-06,170.53,174.81,170.5,172.35,28301953.0,GOOGL,37.8885,176.0713,3,March,Thursday
2025-03-07,171.26,174.97,170.27,173.86,27385813.0,GOOGL,40.463,175.2601,3,March,Friday
2025-03-10,168.26,168.46,163.69,165.87,43377356.0,GOOGL,32.8891,173.9973,3,March,Monday
2025-03-11,164.91,166.75,161.37,164.04,39587414.0,GOOGL,31.4004,172.4969,3,March,Tuesday
2025-03-12,166.58,167.6399,163.53,167.11,28372396.0,GOOGL,36.5862,171.2663,3,March,Wednesday
2025-03-13,166.035,166.13,162.11,162.76,31756214.0,GOOGL,32.8023,170.0746,3,March,Thursday
2025-03-14,163.27,166.49,162.45,165.49,31995894.0,GOOGL,37.1926,169.1072,3,March,Friday
2025-03-17,165.03,166.3,163.67,164.29,31184335.0,GOOGL,36.0768,168.3273,3,March,Monday
2025-03-18,163.675,164.25,156.72,160.67,42074751.0,GOOGL,32.8731,167.4807,3,March,Tuesday
2025-03-19,161.76,165.87,161.0,163.89,34275582.0,GOOGL,38.1357,167.1659,3,March,Wednesday
2025-03-20,161.57,164.89,160.96,162.8,28138464.0,GOOGL,37.0761,166.6463,3,March,Thursday
2025-03-21,161.205,164.24,160.8901,163.99,36625764.0,GOOGL,39.0667,166.4449,3,March,Friday
2025-03-24,167.065,168.32,165.14,167.68,30879129.0,GOOGL,44.8888,166.2282,3,March,Monday
2025-03-25,168.98,170.63,168.315,170.56,24174373.0,GOOGL,48.9857,166.0674,3,March,Tuesday
2025-03-26,169.0,169.61,164.84,165.06,28939326.0,GOOGL,42.4895,165.5615,3,March,Wednesday
2025-03-27,164.63,165.42,162.0,162.24,24508273.0,GOOGL,39.5905,164.7464,3,March,Thursday
2025-03-28,160.49,161.82,153.63,154.33,48669335.0,GOOGL,32.8252,163.9221,3,March,Friday
2025-03-31,153.11,155.54,150.662,154.64,54603464.0,GOOGL,33.3062,163.2507,3,March,Monday
2025-04-01,153.62,158.1,153.62,157.07,30672899.0,GOOGL,37.1078,162.5336,4,April,Tuesday
2025-04-02,155.15,158.4052,154.7,157.04,25041730.0,GOOGL,37.0797,162.125,4,April,Wednesday
2025-04-03,151.11,152.7799,150.39,150.72,46883371.0,GOOGL,31.6432,161.07,4,April,Thursday
2025-04-04,148.01,151.07,145.38,145.6,62259539.0,GOOGL,28.0546,159.735,4,April,Friday
2025-04-07,141.55,152.85,140.53,146.75,76794136.0,GOOGL,29.9755,158.7407,4,April,Monday
2025-04-08,151.22,152.24,143.03,144.7,52200208.0,GOOGL,28.514,157.37,4,April,Tuesday
2025-04-09,144.415,159.55,143.905,158.71,70406232.0,GOOGL,47.392,157.0779,4,April,Wednesday
2025-04-10,156.54,157.72,149.93,152.82,48021972.0,GOOGL,42.3308,156.28,4,April,Thursday
2025-04-11,152.9,157.67,152.82,157.14,33636239.0,GOOGL,46.817,155.5271,4,April,Friday
2025-04-14,159.995,161.72,157.56,159.07,30332957.0,GOOGL,48.7357,154.7064,4,April,Monday
2025-04-15,159.125,159.65,155.21,156.31,27551534.0,GOOGL,46.1704,154.0814,4,April,Tuesday
2025-04-16,153.1,155.89,151.51,153.33,28187421.0,GOOGL,43.5076,153.445,4,April,Wednesday
2025-04-17,154.29,154.68,148.5,151.16,33046576.0,GOOGL,41.625,153.2186,4,April,Thursday
2025-04-21,148.88,148.945,146.1,147.67,26049115.0,GOOGL,38.7229,152.7207,4,April,Monday
2025-04-22,148.89,152.19,148.54,151.47,26971774.0,GOOGL,43.3539,152.3207,4,April,Tuesday
2025-04-23,155.61,157.525,153.81,155.35,31128833.0,GOOGL,47.7,152.2,4,April,Wednesday
2025-04-24,156.15,159.59,155.79,159.28,45893951.0,GOOGL,51.7391,152.8114,4,April,Thursday
2025-04-25,165.07,166.1,161.04,161.96,56033995.0,GOOGL,54.3293,153.98,4,April,Friday
2025-04-28,162.425,163.15,158.6,160.61,29745782.0,GOOGL,52.7922,154.97,4,April,Monday
2025-04-29,160.325,160.74,157.52,160.16,26808958.0,GOOGL,52.2615,156.0743,4,April,Tuesday
2025-04-30,157.975,159.27,155.4,158.8,34981059.0,GOOGL,50.6055,156.0807,4,April,Wednesday
2025-05-01,160.45,161.95,158.91,161.3,30203248.0,GOOGL,53.521,156.6864,5,May,Thursday
2025-05-02,163.405,164.97,161.87,164.03,25715005.0,GOOGL,56.5378,157.1786,5,May,Friday
2025-05-05,163.0,165.39,162.72,164.21,21341814.0,GOOGL,56.7372,157.5457,5,May,Monday
2025-05-06,162.17,164.8,161.19,163.23,21277210.0,GOOGL,55.251,158.04,5,May,Tuesday
2025-05-07,164.08,165.0,147.84,151.38,127747554.0,GOOGL,41.1984,157.9007,5,May,Wednesday
2025-05-08,155.0,155.93,152.9,154.28,57498692.0,GOOGL,44.8923,158.1236,5,May,Thursday
2025-05-09,154.17,155.05,152.2,152.75,32435281.0,GOOGL,43.3452,158.4864,5,May,Friday
2025-05-12,157.485,159.1,156.25,158.46,44138818.0,GOOGL,50.2378,158.9857,5,May,Monday
2025-05-13,158.79,160.57,156.16,159.53,42382126.0,GOOGL,51.4303,159.2843,5,May,Tuesday
2025-05-14,159.96,167.0,159.61,165.37,48755869.0,GOOGL,57.4267,159.7193,5,May,Wednesday
2025-05-15,165.84,166.205,162.3732,163.96,33146669.0,GOOGL,55.6406,159.8621,5,May,Thursday
2025-05-16,167.725,169.35,165.62,166.19,42846925.0,GOOGL,57.8723,160.2607,5,May,Friday
2025-05-19,164.51,166.64,164.22,166.54,30426097.0,GOOGL,58.2275,160.7164,5,May,Monday
2025-05-20,166.43,168.5,162.9,163.98,46607656.0,GOOGL,54.6011,161.0864,5,May,Tuesday
2025-05-21,163.69,173.14,163.56,168.56,73415956.0,GOOGL,59.465,161.605,5,May,Wednesday
2025-05-22,171.85,176.77,170.71,170.87,74864418.0,GOOGL,61.6942,162.0936,5,May,Thursday
2025-05-23,169.055,169.96,167.89,168.47,35211439.0,GOOGL,58.1181,162.3979,5,May,Friday
2025-05-27,170.16,173.17,170.0,172.9,37995670.0,GOOGL,62.4453,163.0886,5,May,Tuesday
2025-05-28,173.16,175.265,171.9107,172.36,34783997.0,GOOGL,61.6097,164.5871,5,May,Wednesday
2025-05-29,174.0,174.4193,170.63,171.86,29373803.0,GOOGL,60.7984,165.8429,5,May,Thursday
2025-01-03,222.505,225.36,221.62,224.19,27515606.0,AMZN,55.6561,225.02,1,January,Friday
2025-01-06,226.78,228.835,224.84,227.61,31849831.0,AMZN,59.2855,225.0307,1,January,Monday
2025-01-07,227.9,228.381,221.46,222.11,28084164.0,AMZN,51.925,224.2579,1,January,Tuesday
2025-01-08,223.185,223.52,220.2,222.13,25033292.0,AMZN,51.9484,223.6136,1,January,Wednesday
2025-01-10,221.46,221.71,216.5,218.94,36811525.0,AMZN,47.9462,223.5007,1,January,Friday
2025-01-13,218.06,219.4,216.47,218.46,27262655.0,AMZN,47.355,223.1557,1,January,Monday
2025-01-14,220.44,221.82,216.2,217.76,24711650.0,AMZN,46.4554,222.6443,1,January,Tuesday
2025-01-15,222.83,223.57,220.75,223.35,31291257.0,AMZN,53.9748,222.5221,1,January,Wednesday
2025-01-16,224.42,224.65,220.31,220.66,24757276.0,AMZN,50.3131,221.9229,1,January,Thursday
2025-01-17,225.84,226.51,223.08,225.94,42370123.0,AMZN,56.5446,221.8436,1,January,Friday
2025-01-21,228.9,231.78,226.94,230.71,39951456.0,AMZN,61.2703,222.3407,1,January,Tuesday
2025-01-22,232.02,235.44,231.19,235.01,41448217.0,AMZN,64.9686,223.32,1,January,Wednesday
2025-01-23,234.1,235.52,231.51,235.42,26404364.0,AMZN,65.3088,224.465,1,January,Thursday
2025-01-24,234.5,236.4,232.93,234.85,25890738.0,AMZN,64.373,225.51,1,January,Friday
2025-01-27,226.21,235.61,225.86,235.42,49428332.0,AMZN,64.9144,226.3121,1,January,Monday
2025-01-28,234.29,241.77,233.98,238.15,41587188.0,AMZN,67.4647,227.065,1,January,Tuesday
2025-01-29,239.015,240.39,236.15,237.07,26091716.0,AMZN,65.4382,228.1336,1,January,Wednesday
2025-01-30,237.14,237.95,232.22,234.64,32020728.0,AMZN,60.9985,229.0271,1,January,Thursday
2025-01-31,236.5,240.29,236.41,237.68,36162377.0,AMZN,64.2649,230.3657,1,January,Friday
2025-02-03,234.06,239.25,232.9,237.42,37285868.0,AMZN,63.773,231.72,2,February,Monday
2025-02-04,239.01,242.52,238.03,242.06,29713812.0,AMZN,68.4191,233.4557,2,February,Tuesday
2025-02-05,237.02,238.32,235.2,236.17,38832042.0,AMZN,58.213,234.3714,2,February,Wednesday
2025-02-06,238.01,239.6599,236.01,238.83,60897095.0,AMZN,61.0396,235.6693,2,February,Thursday
2025-02-07,232.5,234.81,228.06,229.15,77539276.0,AMZN,48.2492,235.8986,2,February,Friday
2025-02-10,230.545,233.92,229.2,233.14,35419926.0,AMZN,52.6532,236.0721,2,February,Monday
2025-02-11,231.92,233.44,230.13,232.76,23713726.0,AMZN,52.1976,235.9114,2,February,Tuesday
2025-02-12,230.46,231.18,228.16,228.93,32285249.0,AMZN,47.7161,235.4479,2,February,Wednesday
2025-02-13,228.85,230.42,227.52,230.37,31346512.0,AMZN,49.4726,235.1279,2,February,Thursday
2025-02-14,229.2,229.89,227.23,228.68,27031084.0,AMZN,47.4576,234.6464,2,February,Friday
2025-02-18,228.82,229.3,223.72,226.65,42975133.0,AMZN,45.0822,233.825,2,February,Tuesday
2025-02-19,225.52,226.83,223.71,226.63,28566709.0,AMZN,45.0583,233.0793,2,February,Wednesday
2025-02-20,224.775,225.13,221.81,222.88,30001665.0,AMZN,40.6967,232.2393,2,February,Thursday
2025-02-21,223.28,223.31,214.74,216.58,55323850.0,AMZN,34.6316,230.7321,2,February,Friday
2025-02-24,217.45,217.715,212.42,212.71,42387585.0,AMZN,31.5236,228.9671,2,February,Monday
2025-02-25,211.63,213.34,204.16,212.8,58957977.0,AMZN,31.6772,226.8771,2,February,Tuesday
2025-02-26,214.94,218.16,213.09,214.35,39120603.0,AMZN,34.4054,225.3186,2,February,Wednesday
2025-02-27,218.35,219.97,208.37,208.74,40548571.0,AMZN,29.7716,223.1693,2,February,Thursday
2025-02-28,208.65,212.62,206.99,212.28,51771737.0,AMZN,35.6603,221.9643,2,February,Friday
2025-03-03,213.352,214.01,202.55,205.02,42948447.0,AMZN,30.0882,219.9557,3,March,Monday
2025-03-04,200.11,206.8,197.432,203.8,60853084.0,AMZN,29.2608,217.8871,3,March,Tuesday
2025-03-05,204.8,209.98,203.26,208.36,38610085.0,AMZN,36.3107,216.4179,3,March,Wednesday
2025-03-06,204.4,205.77,198.3015,200.7,49863755.0,AMZN,30.7642,214.2986,3,March,Thursday
2025-03-07,199.49,202.2653,192.53,199.25,59802821.0,AMZN,29.8352,212.1964,3,March,Friday
2025-03-10,195.6,196.73,190.85,194.54,61829231.0,AMZN,26.9845,209.9029,3,March,Monday
2025-03-11,193.9,200.18,193.4,196.59,54002880.0,AMZN,30.1144,207.7571,3,March,Tuesday
2025-03-12,200.72,201.52,195.29,198.89,43679284.0,AMZN,33.5556,206.0436,3,March,Wednesday
2025-03-13,198.165,198.8799,191.82,193.89,41270761.0,AMZN,30.0871,204.4229,3,March,Thursday
2025-03-14,197.41,198.65,195.32,197.95,38096663.0,AMZN,35.8827,203.3686,3,March,Friday
2025-03-17,198.77,199.0,194.3247,195.74,47341752.0,AMZN,34.2198,202.15,3,March,Monday
2025-03-18,192.52,194.0,189.38,192.82,40414867.0,AMZN,32.1029,200.6121,3,March,Tuesday
2025-03-19,193.38,195.965,191.96,195.54,39442878.0,AMZN,36.0702,199.6693,3,March,Wednesday
2025-03-20,193.07,199.32,192.3,194.95,38921113.0,AMZN,35.5845,198.4314,3,March,Thursday
2025-03-21,192.9,196.99,192.52,196.21,60056917.0,AMZN,37.5194,197.8021,3,March,Friday
2025-03-24,200.0,203.64,199.95,203.26,41625365.0,AMZN,47.0953,197.7636,3,March,Monday
2025-03-25,203.595,206.21,203.22,205.71,31171161.0,AMZN,49.9652,197.5743,3,March,Tuesday
2025-03-26,205.835,206.01,199.925,201.13,32990973.0,AMZN,45.0458,197.605,3,March,Wednesday
2025-03-27,200.89,203.79,199.2821,201.36,27317661.0,AMZN,45.3369,197.7557,3,March,Thursday
2025-03-28,198.42,199.26,191.881,192.72,52548226.0,AMZN,37.3368,197.6257,3,March,Friday
2025-03-31,188.19,191.33,184.4,190.26,63547558.0,AMZN,35.4204,197.1736,3,March,Monday
2025-04-01,187.86,193.93,187.2,192.17,41267315.0,AMZN,38.078,196.6936,4,April,Tuesday
2025-04-02,187.66,198.34,187.66,196.01,53679198.0,AMZN,43.1439,196.845,4,April,Wednesday
2025-04-03,182.995,184.13,176.92,178.41,95553617.0,AMZN,30.7334,195.4493,4,April,Thursday
2025-04-04,167.145,178.1436,166.0,171.0,123159359.0,AMZN,27.1875,193.6821,4,April,Friday
2025-04-07,162.0,183.4099,161.38,175.26,109327115.0,AMZN,32.0419,192.4279,4,April,Monday
2025-04-08,185.23,185.9,168.57,170.66,87710360.0,AMZN,29.7365,190.6507,4,April,Tuesday
2025-04-09,172.115,192.65,169.93,191.1,116804328.0,AMZN,47.7324,190.3757,4,April,Wednesday
2025-04-10,185.44,186.8692,175.8518,181.22,68302045.0,AMZN,42.1172,189.305,4,April,Thursday
2025-04-11,179.93,185.86,178.0,184.87,50594339.0,AMZN,44.7051,187.9914,4,April,Friday
2025-04-14,186.84,187.44,179.23,182.12,48002540.0,AMZN,43.1401,186.3064,4,April,Monday
2025-04-15,181.41,182.35,177.9331,179.59,43641952.0,AMZN,41.694,184.7679,4,April,Tuesday
2025-04-16,176.29,179.1046,171.41,174.33,51875316.0,AMZN,38.7832,182.8371,4,April,Wednesday
2025-04-17,176.0,176.21,172.0,172.61,44726453.0,AMZN,37.8526,181.4007,4,April,Thursday
2025-04-21,169.6,169.6,165.285,167.32,48126111.0,AMZN,35.0658,179.7621,4,April,Monday
2025-04-22,169.845,176.78,169.35,173.18,56607202.0,AMZN,40.3085,178.4057,4,April,Tuesday
2025-04-23,183.45,187.38,180.19,180.6,63470149.0,AMZN,46.2286,177.305,4,April,Wednesday
2025-04-24,180.915,186.74,180.18,186.54,43763196.0,AMZN,50.464,177.8857,4,April,Thursday
2025-04-25,187.62,189.94,185.49,188.99,36414330.0,AMZN,52.1386,179.1707,4,April,Friday
2025-04-28,190.105,190.22,184.885,187.7,33224732.0,AMZN,51.158,180.0593,4,April,Monday
2025-04-29,183.99,188.0158,183.68,187.39,41667255.0,AMZN,50.9102,181.2543,4,April,Tuesday
2025-04-30,182.17,185.05,178.85,184.42,55176543.0,AMZN,48.4869,180.7771,4,April,Wednesday
2025-05-01,190.63,191.8071,187.5,190.2,74265963.0,AMZN,53.1596,181.4186,5,May,Thursday
2025-05-02,191.435,192.88,186.4,189.98,77903487.0,AMZN,52.9627,181.7836,5,May,Friday
2025-05-05,186.51,188.18,185.53,186.35,35217469.0,AMZN,49.6918,182.0857,5,May,Monday
2025-05-06,184.57,187.93,183.85,185.01,29314055.0,AMZN,48.501,182.4729,5,May,Tuesday
2025-05-07,185.56,190.99,185.01,188.71,44002926.0,AMZN,51.9266,183.5,5,May,Wednesday
2025-05-08,191.43,194.33,188.82,192.08,41043620.0,AMZN,54.871,184.8907,5,May,Thursday
2025-05-09,193.375,194.69,191.16,193.06,29663143.0,AMZN,55.7204,186.7293,5,May,Friday
2025-05-12,210.71,211.66,205.75,208.64,75205042.0,AMZN,66.5112,189.2621,5,May,Monday
2025-05-13,211.08,214.84,210.1,211.37,56193682.0,AMZN,67.9835,191.46,5,May,Tuesday
2025-05-14,211.45,211.93,208.85,210.25,38492128.0,AMZN,66.6882,193.1536,5,May,Wednesday
2025-05-15,206.45,206.88,202.673,205.17,64347317.0,AMZN,61.0098,194.3093,5,May,Thursday
2025-05-16,206.85,206.85,204.374,205.59,43318478.0,AMZN,61.3032,195.5871,5,May,Friday
2025-05-19,201.645,206.62,201.26,206.16,34314810.0,AMZN,61.7241,196.9279,5,May,Monday
2025-05-20,204.628,205.5899,202.65,204.07,29470373.0,AMZN,59.1822,198.3314,5,May,Tuesday
2025-05-21,201.61,203.455,200.06,201.12,42460924.0,AMZN,55.6956,199.1114,5,May,Wednesday
2025-05-22,201.38,205.76,200.16,203.1,38938882.0,AMZN,57.5052,200.0486,5,May,Thursday
2025-05-23,198.9,202.37,197.85,200.99,33393545.0,AMZN,54.9304,201.0943,5,May,Friday
2025-05-27,203.085,206.69,202.19,206.02,34892044.0,AMZN,59.5769,202.595,5,May,Tuesday
2025-05-28,205.915,207.66,204.41,204.72,28549753.0,AMZN,57.9151,203.7386,5,May,Wednesday
2025-05-29,208.025,208.81,204.23,205.7,34700005.0,AMZN,58.847,204.7114,5,May,Thursday
2025-01-03,604.76,609.5,596.4136,604.63,11436784.0,META,53.145,601.8317,1,January,Friday
2025-01-06,611.825,630.99,605.62,630.2,14560754.0,META,62.3198,602.5701,1,January,Monday
2025-01-07,631.7,632.1011,608.23,617.89,12071479.0,META,56.5761,602.1169,1,January,Tuesday
2025-01-08,613.395,616.4397,602.79,610.72,10085846.0,META,53.4842,601.4946,1,January,Wednesday
2025-01-10,610.03,629.91,597.34,615.86,19256564.0,META,55.3673,602.827,1,January,Friday
2025-01-13,607.1,608.97,598.445,608.33,10785031.0,META,52.0433,603.7376,1,January,Monday
2025-01-14,605.065,605.49,588.55,594.25,13597992.0,META,46.4302,604.3799,1,January,Tuesday
2025-01-15,610.21,622.46,606.5,617.12,15524302.0,META,54.9327,605.6124,1,January,Wednesday
2025-01-16,611.5,616.25,609.71,611.3,8355349.0,META,52.6429,605.8658,1,January,Thursday
2025-01-17,624.05,624.97,603.67,612.77,17280600.0,META,53.1738,606.5381,1,January,Friday
2025-01-21,617.825,621.5,609.0082,616.46,11674016.0,META,54.5513,607.7263,1,January,Tuesday
2025-01-22,623.3,633.7,619.435,623.5,12274011.0,META,57.1416,610.0286,1,January,Wednesday
2025-01-23,627.36,636.6,621.15,636.45,9910163.0,META,61.4896,613.664,1,January,Thursday
2025-01-24,636.4,652.0,634.2,647.49,19065329.0,META,64.7708,617.1075,1,January,Friday
2025-01-27,626.61,663.87,625.1,659.88,28399190.0,META,68.06,621.0505,1,January,Monday
2025-01-28,666.0,682.58,659.465,674.33,20950107.0,META,71.4123,624.1999,1,January,Tuesday
2025-01-29,675.0,681.0459,665.67,676.49,21377820.0,META,71.8873,628.382,1,January,Wednesday
2025-01-30,696.82,710.79,676.1,687.0,29322898.0,META,74.1388,633.8259,1,January,Thursday
2025-01-31,691.0,705.2999,685.58,689.18,19331660.0,META,74.5934,639.0585,1,January,Friday
2025-02-03,675.91,704.0,675.25,697.46,21415739.0,META,76.2974,645.4195,2,February,Monday
2025-02-04,702.5,707.71,691.61,704.19,13826270.0,META,77.6118,653.2655,2,February,Tuesday
2025-02-05,703.55,718.14,699.01,704.87,17793766.0,META,77.746,659.528,2,February,Wednesday
2025-02-06,705.88,718.9,703.5,711.99,13080690.0,META,79.1557,666.7139,2,February,Thursday
2025-02-07,716.795,725.01,711.75,714.52,16427067.0,META,79.6491,673.9755,2,February,Friday
2025-02-10,718.56,721.2,711.33,717.4,12904317.0,META,80.2229,681.1793,2,February,Monday
2025-02-11,713.32,723.66,710.04,719.8,12997959.0,META,80.7109,688.0519,2,February,Tuesday
2025-02-12,715.3,727.1,712.6,725.38,12016517.0,META,81.8335,694.3986,2,February,Wednesday
2025-02-13,721.5197,729.0,718.04,728.56,12569064.0,META,82.46,700.1843,2,February,Thursday
2025-02-14,726.14,740.91,725.62,736.67,16901249.0,META,83.9775,705.6646,2,February,Friday
2025-02-18,736.0,737.0,706.44,716.37,21938703.0,META,68.096,708.6648,2,February,Tuesday
2025-02-19,704.095,707.0,695.39,703.77,17535480.0,META,60.4539,710.6117,2,February,Wednesday
2025-02-20,697.275,705.63,693.64,694.84,12587408.0,META,55.6842,711.1712,2,February,Thursday
2025-02-21,696.58,703.87,682.36,683.55,15660355.0,META,50.2827,710.7694,2,February,Friday
2025-02-24,686.28,687.27,662.45,668.13,15676994.0,META,44.0043,708.6762,2,February,Monday
2025-02-25,665.972,668.0,641.86,657.5,20579662.0,META,40.2713,705.3441,2,February,Tuesday
2025-02-26,659.65,683.0078,658.0,673.7,14488705.0,META,47.571,703.1196,2,February,Wednesday
2025-02-27,682.45,688.6469,657.57,658.24,12500013.0,META,42.2626,699.2836,2,February,Thursday
2025-02-28,658.04,669.63,642.6017,668.2,17534168.0,META,46.4114,695.9779,2,February,Friday
2025-03-03,673.675,681.25,650.8439,655.05,10843763.0,META,42.1092,691.5282,3,March,Monday
2025-03-04,645.51,649.75,623.65,640.0,21495208.0,META,37.7915,685.8331,3,March,Tuesday
2025-03-05,641.0,659.5,637.66,656.47,13770026.0,META,44.4984,680.9152,3,March,Wednesday
2025-03-06,648.0,650.5625,624.11,627.93,13446454.0,META,37.0451,673.7336,3,March,Thursday
2025-03-07,625.37,634.79,600.61,625.66,21375671.0,META,36.5211,665.8111,3,March,Friday
2025-03-10,608.07,610.11,586.87,597.99,21395988.0,META,30.8021,657.3627,3,March,Monday
2025-03-11,595.055,614.934,593.33,605.71,17401469.0,META,33.9116,650.3645,3,March,Tuesday
2025-03-12,629.9,633.33,609.35,619.56,15746966.0,META,39.1911,644.992,3,March,Wednesday
2025-03-13,620.245,620.5,586.51,590.64,16480324.0,META,33.223,638.3613,3,March,Thursday
2025-03-14,602.805,608.86,594.78,607.6,12364505.0,META,39.2468,634.0789,3,March,Friday
2025-03-17,607.46,613.1,598.0,604.9,15473909.0,META,38.6662,630.3623,3,March,Monday
2025-03-18,600.05,600.25,574.66,582.36,20297708.0,META,34.1277,623.8796,3,March,Tuesday
2025-03-19,584.28,592.3223,574.77,584.06,20537498.0,META,34.7498,618.6216,3,March,Wednesday
2025-03-20,582.755,610.2,579.51,586.0,24336505.0,META,35.4984,612.7914,3,March,Thursday
2025-03-21,583.425,597.545,580.95,596.25,25015864.0,META,39.451,608.6318,3,March,Friday
2025-03-24,614.97,622.54,612.2001,618.85,15741274.0,META,47.1421,607.1605,3,March,Monday
2025-03-25,626.76,633.88,621.18,626.31,15312540.0,META,49.4257,605.0467,3,March,Tuesday
2025-03-26,624.89,626.7499,606.61,610.98,12661891.0,META,45.1125,603.8747,3,March,Wednesday
2025-03-27,602.0,614.25,600.1,602.58,10436524.0,META,42.9032,602.2647,3,March,Thursday
2025-03-28,600.31,601.75,573.92,576.74,17602823.0,META,36.9142,600.7837,3,March,Friday
2025-03-31,563.5,578.7,553.3,576.36,21124677.0,META,36.8328,598.7247,3,March,Monday
2025-04-01,570.84,589.91,570.0,586.0,12836574.0,META,40.4231,596.3657,4,April,Tuesday
2025-04-02,574.91,592.66,573.36,583.93,13470778.0,META,39.8987,595.9229,4,April,Wednesday
2025-04-03,546.22,552.5596,530.3,531.62,34777460.0,META,29.4877,590.4957,4,April,Thursday
2025-04-04,506.62,518.0,494.2,504.73,38589814.0,META,25.7658,583.3407,4,April,Friday
2025-04-07,485.1,539.37,481.9,516.25,36606136.0,META,29.8508,578.6186,4,April,Monday
2025-04-08,543.25,547.43,502.86,510.45,28034211.0,META,28.986,573.3607,4,April,Tuesday
2025-04-09,509.265,587.89,502.11,585.77,39216578.0,META,49.4627,573.3443,4,April,Wednesday
2025-04-10,575.49,581.3,535.3,546.29,28173491.0,META,42.5388,569.7757,4,April,Thursday
2025-04-11,535.505,547.4,528.5901,543.57,17642327.0,META,42.1015,564.3986,4,April,Friday
2025-04-14,556.175,557.77,528.28,531.48,14130928.0,META,40.1271,557.625,4,April,Monday
2025-04-15,532.105,537.94,517.5,521.52,15558659.0,META,38.5242,551.235,4,April,Tuesday
2025-04-16,508.51,513.37,495.63,502.31,18735075.0,META,35.5728,544.0729,4,April,Wednesday
2025-04-17,505.25,507.3,498.0133,501.48,14593508.0,META,35.4464,538.6971,4,April,Thursday
2025-04-21,491.325,493.5,479.8,484.66,16165982.0,META,32.8963,532.1471,4,April,Monday
2025-04-22,491.87,506.88,486.36,500.28,17399408.0,META,37.4003,526.0243,4,April,Tuesday
2025-04-23,528.525,535.3376,516.52,520.27,18173910.0,META,42.7009,521.4771,4,April,Wednesday
2025-04-24,518.73,533.9,517.5,533.15,13910011.0,META,45.8807,521.5864,4,April,Thursday
2025-04-25,546.8,549.86,536.25,547.27,17098921.0,META,49.2083,524.625,4,April,Friday
2025-04-28,555.64,558.4899,540.59,549.74,15178995.0,META,49.7899,527.0171,4,April,Monday
2025-04-29,546.0,556.5699,544.12,554.44,11835036.0,META,50.9411,530.1593,4,April,Tuesday
2025-04-30,538.4,549.1,529.5,549.0,29243971.0,META,49.5258,527.5329,4,April,Wednesday
2025-05-01,592.075,592.95,570.5,572.21,31159033.0,META,55.2398,529.3843,5,May,Thursday
2025-05-02,583.455,604.34,578.33,597.02,24739260.0,META,60.4005,533.2021,5,May,Friday
2025-05-05,591.22,603.21,588.05,599.27,13887724.0,META,60.8414,538.0443,5,May,Monday
2025-05-06,592.525,596.03,586.58,587.31,10600650.0,META,57.1957,542.7436,5,May,Tuesday
2025-05-07,590.36,603.075,586.67,596.81,13160976.0,META,59.2828,549.4936,5,May,Wednesday
2025-05-08,606.285,611.2959,596.62,598.01,14622805.0,META,59.5511,556.3886,5,May,Thursday
2025-05-09,603.72,606.97,591.7062,592.49,10427286.0,META,57.6687,564.0907,5,May,Friday
2025-05-12,630.92,640.3896,621.03,639.43,21965085.0,META,67.1716,574.03,5,May,Monday
2025-05-13,645.545,660.92,642.83,656.03,18570821.0,META,69.7572,583.7271,5,May,Tuesday
2025-05-14,661.21,662.67,654.31,659.36,12348179.0,META,70.2632,592.7421,5,May,Wednesday
2025-05-15,654.275,657.31,638.58,643.88,14341835.0,META,64.833,599.6429,5,May,Thursday
2025-05-16,637.955,640.44,626.15,640.34,18518972.0,META,63.6221,606.1143,5,May,Friday
2025-05-19,628.25,643.0,627.8,640.43,9592374.0,META,63.6407,612.2564,5,May,Monday
2025-05-20,636.01,639.3536,632.26,637.1,6743473.0,META,62.3704,618.5493,5,May,Tuesday
2025-05-21,631.79,646.61,630.17,635.5,11464569.0,META,61.7328,623.07,5,May,Wednesday
2025-05-22,634.05,643.25,630.71,636.57,8228443.0,META,62.0125,625.895,5,May,Thursday
2025-05-23,624.0,632.445,622.65,627.06,8454067.0,META,57.9583,627.88,5,May,Friday
2025-05-27,635.41,643.08,632.75,642.32,9508367.0,META,62.2259,631.8093,5,May,Tuesday
2025-05-28,642.6,650.88,642.5472,643.58,9042874.0,META,62.5638,635.15,5,May,Wednesday
2025-05-29,651.645,653.32,639.5,645.05,8883436.0,META,62.9798,638.51,5,May,Thursday
2025-01-03,381.48,411.8799,379.45,410.44,95423329.0,TSLA,52.5632,433.2936,1,January,Friday
2025-01-06,423.2,426.43,401.7,411.05,85516534.0,TSLA,52.697,431.495,1,January,Monday
2025-01-07,405.83,414.33,390.0,394.36,75699525.0,TSLA,48.6559,426.5907,1,January,Tuesday
2025-01-08,392.95,402.4999,387.4,394.94,73038805.0,TSLA,48.8028,420.525,1,January,Wednesday
2025-01-10,391.4,399.28,377.29,394.74,62287333.0,TSLA,48.751,417.2829,1,January,Friday
2025-01-13,383.21,403.79,380.07,403.31,67580494.0,TSLA,51.1443,414.9357,1,January,Monday
2025-01-14,414.34,422.64,394.54,396.36,84565022.0,TSLA,49.1401,413.1714,1,January,Tuesday
2025-01-15,409.9,429.8,405.661,428.22,81375460.0,TSLA,57.3845,413.0014,1,January,Wednesday
2025-01-16,423.49,424.0,409.13,413.82,68335151.0,TSLA,53.1879,409.54,1,January,Thursday
2025-01-17,421.5,439.74,419.75,426.5,94991429.0,TSLA,56.2237,407.5664,1,January,Friday
2025-01-21,432.64,433.2,406.31,424.07,87320894.0,TSLA,55.4812,407.0243,1,January,Tuesday
2025-01-22,416.81,428.0,414.59,415.11,60963342.0,TSLA,52.7164,406.86,1,January,Wednesday
2025-01-23,416.06,420.73,408.95,412.38,50690592.0,TSLA,51.8683,407.47,1,January,Thursday
2025-01-24,414.45,418.88,405.78,406.58,56427149.0,TSLA,50.0269,409.42,1,January,Friday
2025-01-27,394.8,406.69,389.0,397.15,58125510.0,TSLA,47.0991,408.4707,1,January,Monday
2025-01-28,396.91,400.59,386.5,398.09,48910676.0,TSLA,47.4294,407.545,1,January,Tuesday
2025-01-29,395.21,398.5899,384.48,389.1,68033648.0,TSLA,44.5638,407.1693,1,January,Wednesday
2025-01-30,410.78,412.5,384.41,400.28,98092879.0,TSLA,48.7137,407.5507,1,January,Thursday
2025-01-31,401.53,419.99,401.34,404.6,83568219.0,TSLA,50.263,408.255,1,January,Friday
2025-02-03,386.68,389.17,374.36,383.68,93732122.0,TSLA,43.4221,406.8529,2,February,Monday
2025-02-04,382.63,394.0,381.4,392.21,57072235.0,TSLA,46.6127,406.5564,2,February,Tuesday
2025-02-05,387.51,388.39,375.53,378.17,57614721.0,TSLA,42.3767,402.9814,2,February,Wednesday
2025-02-06,373.03,375.4,363.18,374.32,77918230.0,TSLA,41.2691,400.16,2,February,Thursday
2025-02-07,370.19,380.5459,360.34,361.62,70298258.0,TSLA,37.763,395.5257,2,February,Friday
2025-02-10,356.21,362.7,350.51,350.73,77514903.0,TSLA,35.0159,390.2871,2,February,Monday
2025-02-11,345.8,349.37,325.1,328.5,118543400.0,TSLA,30.1882,384.1007,2,February,Tuesday
2025-02-12,329.94,346.4,329.12,336.51,105382729.0,TSLA,33.7334,378.6814,2,February,Wednesday
2025-02-13,345.0,358.69,342.85,355.94,89441519.0,TSLA,41.4948,375.0643,2,February,Thursday
2025-02-14,360.62,362.0,347.5,355.84,68277279.0,TSLA,41.4679,372.1136,2,February,Friday
2025-02-18,355.01,359.1,350.02,354.11,51631702.0,TSLA,40.9727,368.9721,2,February,Tuesday
2025-02-19,354.0,367.34,353.67,360.56,67094374.0,TSLA,43.6735,366.9336,2,February,Wednesday
2025-02-20,361.51,362.3,348.0,354.4,45965354.0,TSLA,41.7106,363.6564,2,February,Thursday
2025-02-21,353.44,354.98,334.42,337.8,74058648.0,TSLA,36.8979,358.885,2,February,Friday
2025-02-24,338.14,342.3973,324.7,330.53,76052321.0,TSLA,34.9935,355.0886,2,February,Monday
2025-02-25,327.025,328.89,297.2512,302.8,134228777.0,TSLA,28.8724,348.7021,2,February,Tuesday
2025-02-26,303.715,309.0,288.04,290.8,100118276.0,TSLA,26.6962,342.4614,2,February,Wednesday
2025-02-27,291.16,297.23,280.88,281.95,101748197.0,TSLA,25.1883,335.8636,2,February,Thursday
2025-02-28,279.5,293.88,273.6,292.98,115696968.0,TSLA,30.4602,330.9607,2,February,Friday
2025-03-03,300.34,303.94,277.3,284.65,115551414.0,TSLA,28.8091,326.2407,3,March,Monday
2025-03-04,270.93,284.35,261.8401,272.04,126706623.0,TSLA,26.47,322.2079,3,March,Tuesday
2025-03-05,272.92,279.55,267.71,279.1,94042913.0,TSLA,29.9017,318.1071,3,March,Wednesday
2025-03-06,272.06,272.65,260.02,263.45,98451566.0,TSLA,26.9042,311.5007,3,March,Thursday
2025-03-07,259.32,266.2499,250.73,262.67,102369640.0,TSLA,26.7602,304.8457,3,March,Friday
2025-03-10,252.54,253.37,220.0,222.15,185037825.0,TSLA,20.5942,295.42,3,March,Monday
2025-03-11,225.305,237.0649,217.02,230.58,174896415.0,TSLA,24.4922,286.1357,3,March,Tuesday
2025-03-12,247.22,251.84,241.1,248.09,142215681.0,TSLA,31.9633,278.5421,3,March,Wednesday
2025-03-13,248.125,248.29,232.6,240.68,114813525.0,TSLA,30.5842,271.605,3,March,Thursday
2025-03-14,247.31,251.58,240.73,249.98,100242264.0,TSLA,34.4093,265.8514,3,March,Friday
2025-03-17,245.055,245.4,232.8,238.01,111900565.0,TSLA,31.9676,261.2236,3,March,Monday
2025-03-18,228.155,230.1,222.28,225.31,111477636.0,TSLA,29.5701,256.5457,3,March,Tuesday
2025-03-19,231.61,241.41,229.201,235.86,111993753.0,TSLA,33.9984,253.2536,3,March,Wednesday
2025-03-20,233.345,238.0,230.0501,236.26,99028270.0,TSLA,34.1674,249.2021,3,March,Thursday
2025-03-21,234.985,249.52,234.55,248.71,132728684.0,TSLA,39.3714,246.635,3,March,Friday
2025-03-24,258.075,278.64,256.33,278.39,169079865.0,TSLA,49.5997,247.0886,3,March,Monday
2025-03-25,283.6,288.2,271.28,288.14,150361538.0,TSLA,52.4383,247.7343,3,March,Tuesday
2025-03-26,282.66,284.9,266.51,272.06,156254441.0,TSLA,47.6698,248.3493,3,March,Wednesday
2025-03-27,272.48,291.85,271.8216,273.13,162572146.0,TSLA,48.0086,249.0964,3,March,Thursday
2025-03-28,275.575,276.1,260.57,263.55,123809389.0,TSLA,45.1877,252.0536,3,March,Friday
2025-03-31,249.31,260.56,243.3601,259.16,134008936.0,TSLA,43.9143,254.095,3,March,Monday
2025-04-01,263.8,277.45,259.25,268.46,146486911.0,TSLA,47.3023,255.55,4,April,Tuesday
2025-04-02,254.6,284.99,251.27,282.76,212787817.0,TSLA,52.0941,258.5557,4,April,Wednesday
2025-04-03,265.29,276.3,261.51,267.28,136174291.0,TSLA,47.1011,259.7914,4,April,Thursday
2025-04-04,255.38,261.0,236.0,239.43,181229353.0,TSLA,39.7243,259.8929,4,April,Friday
2025-04-07,223.78,252.0,214.25,233.29,183453776.0,TSLA,38.3001,260.4629,4,April,Monday
2025-04-08,245.0,250.44,217.8,221.86,171603472.0,TSLA,35.7319,259.4629,4,April,Tuesday
2025-04-09,224.69,274.69,223.88,272.2,219433373.0,TSLA,51.2396,262.03,4,April,Wednesday
2025-04-10,260.0,262.49,239.33,252.4,181722604.0,TSLA,46.4881,262.2936,4,April,Thursday
2025-04-11,251.84,257.74,241.3629,252.31,128948085.0,TSLA,46.467,260.4307,4,April,Friday
2025-04-14,258.36,261.8,245.93,252.35,100135241.0,TSLA,46.4786,257.8743,4,April,Monday
2025-04-15,249.91,258.75,247.54,254.11,79594318.0,TSLA,47.0237,256.5921,4,April,Tuesday
2025-04-16,247.61,251.97,233.89,241.55,112378737.0,TSLA,43.6106,254.3364,4,April,Wednesday
2025-04-17,243.47,244.34,237.6833,241.37,83404775.0,TSLA,43.5618,252.7521,4,April,Thursday
2025-04-21,230.26,232.21,222.79,227.5,97768007.0,TSLA,39.8606,250.4907,4,April,Monday
2025-04-22,230.96,242.79,229.8501,237.97,120858452.0,TSLA,43.7461,248.3129,4,April,Tuesday
2025-04-23,254.86,259.4499,244.43,250.74,150381903.0,TSLA,48.1465,246.0257,4,April,Wednesday
2025-04-24,250.5,259.54,249.2,259.51,94464195.0,TSLA,50.9823,245.4707,4,April,Thursday
2025-04-25,261.69,286.85,259.63,284.95,167560688.0,TSLA,58.1349,248.7221,4,April,Friday
2025-04-28,288.98,294.86,272.42,285.88,151731771.0,TSLA,58.374,252.4786,4,April,Monday
2025-04-29,285.5,293.32,279.4695,292.03,108906553.0,TSLA,60.001,257.4907,4,April,Tuesday
2025-04-30,279.9,284.45,270.78,282.16,128961057.0,TSLA,56.2042,258.2021,4,April,Wednesday
2025-05-01,280.01,290.8688,279.81,280.52,99658974.0,TSLA,55.5749,260.2107,5,May,Thursday
2025-05-02,284.9,294.78,279.81,287.21,114454683.0,TSLA,57.6576,262.7036,5,May,Friday
2025-05-05,284.57,284.849,274.4,280.26,94618882.0,TSLA,54.7841,264.6971,5,May,Monday
2025-05-06,273.105,277.73,271.35,275.35,76715792.0,TSLA,52.7828,266.2143,5,May,Tuesday
2025-05-07,276.88,277.92,271.0,276.22,71882408.0,TSLA,53.1097,268.6907,5,May,Wednesday
2025-05-08,279.63,289.8,279.41,284.82,97539448.0,TSLA,56.3281,271.7943,5,May,Thursday
2025-05-09,290.21,307.04,290.0,298.26,132387835.0,TSLA,60.8504,276.8486,5,May,Friday
2025-05-12,321.99,322.21,311.5,318.38,112826661.0,TSLA,66.4513,282.5921,5,May,Monday
2025-05-13,320.0,337.5894,316.8,334.07,136992574.0,TSLA,70.0496,288.5443,5,May,Tuesday
2025-05-14,342.5,350.0,337.0,347.68,136997264.0,TSLA,72.7773,294.8421,5,May,Wednesday
2025-05-15,340.34,346.1393,334.7153,342.82,97882596.0,TSLA,70.3147,298.9757,5,May,Thursday
2025-05-16,346.24,351.62,342.33,349.98,95895665.0,TSLA,71.8271,303.5543,5,May,Friday
2025-05-19,336.3,343.0,333.37,342.09,88869853.0,TSLA,67.7318,307.13,5,May,Monday
2025-05-20,347.87,354.9899,341.63,343.82,131715548.0,TSLA,68.1605,311.5343,5,May,Tuesday
2025-05-21,344.43,347.35,332.2,334.62,102354844.0,TSLA,63.3415,315.3986,5,May,Wednesday
2025-05-22,331.9,347.27,331.39,341.04,97113416.0,TSLA,65.191,319.2436,5,May,Thursday
2025-05-23,337.92,343.18,333.21,339.34,84654818.0,TSLA,64.2664,323.4636,5,May,Friday
2025-05-27,347.35,363.79,347.32,362.89,120146414.0,TSLA,70.5068,329.7164,5,May,Tuesday
2025-05-28,364.84,365.0,355.91,356.9,91404309.0,TSLA,67.288,335.4793,5,May,Wednesday
2025-05-29,365.29,367.71,356.0,358.43,87372938.0,TSLA,67.6937,340.7371,5,May,Thursday
2025-01-03,140.01,144.9,139.73,144.47,229322478.0,NVDA,59.0978,135.8683,1,January,Friday
2025-01-06,148.59,152.156,147.8201,149.43,265377359.0,NVDA,64.0295,136.9525,1,January,Monday
2025-01-07,153.03,153.13,140.01,140.14,351782174.0,NVDA,51.5037,137.5338,1,January,Tuesday
2025-01-08,142.58,143.95,137.56,140.11,227349948.0,NVDA,51.4687,138.2281,1,January,Wednesday
2025-01-10,137.45,139.92,134.22,135.91,207602514.0,NVDA,46.6836,138.728,1,January,Friday
2025-01-13,129.99,133.49,129.51,133.23,204808914.0,NVDA,43.8801,138.9101,1,January,Monday
2025-01-14,136.05,136.38,130.05,131.76,195590485.0,NVDA,42.3769,138.7002,1,January,Tuesday
2025-01-15,133.65,136.45,131.29,136.24,185217338.0,NVDA,48.2009,138.4552,1,January,Wednesday
2025-01-16,138.64,138.75,133.49,133.57,209235583.0,NVDA,45.2646,137.9802,1,January,Thursday
2025-01-17,136.69,138.5,135.4649,137.71,201188760.0,NVDA,50.3184,137.8217,1,January,Friday
2025-01-21,139.16,141.83,137.09,140.83,197748985.0,NVDA,53.7818,138.0945,1,January,Tuesday
2025-01-22,144.66,147.79,143.67,147.07,237651395.0,NVDA,59.8154,138.7787,1,January,Wednesday
2025-01-23,145.05,147.23,143.72,147.22,155915549.0,NVDA,59.9508,139.7022,1,January,Thursday
2025-01-24,148.37,148.97,141.88,142.62,234657635.0,NVDA,53.9496,140.01,1,January,Friday
2025-01-27,124.8,128.4,116.7,118.42,818830895.0,NVDA,34.4259,138.1495,1,January,Monday
2025-01-28,121.81,129.0,116.25,128.99,579666350.0,NVDA,43.9644,136.6896,1,January,Tuesday
2025-01-29,126.5,126.89,120.05,123.7,467120640.0,NVDA,40.7682,135.5154,1,January,Wednesday
2025-01-30,123.1,125.0,118.1,124.65,392925469.0,NVDA,41.5895,134.4112,1,January,Thursday
2025-01-31,123.78,127.85,119.19,120.07,390372899.0,NVDA,38.7966,133.2799,1,January,Friday
2025-02-03,114.75,118.57,113.01,116.66,371235677.0,NVDA,36.8144,132.0964,2,February,Monday
2025-02-04,116.96,121.2,116.7,118.65,256550040.0,NVDA,38.7802,131.1601,2,February,Tuesday
2025-02-05,121.76,125.0,120.76,124.83,263110629.0,NVDA,44.5497,130.3452,2,February,Wednesday
2025-02-06,127.42,128.77,125.21,128.68,251483574.0,NVDA,47.8472,129.9959,2,February,Thursday
2025-02-07,129.22,130.37,125.0,129.84,228186298.0,NVDA,48.8345,129.4338,2,February,Friday
2025-02-10,130.09,135.0,129.96,133.57,216989086.0,NVDA,51.9822,128.9153,2,February,Monday
2025-02-11,132.58,134.48,131.02,132.8,178902379.0,NVDA,51.2809,127.8961,2,February,Tuesday
2025-02-12,130.02,132.24,129.08,131.14,160278552.0,NVDA,49.7233,126.7476,2,February,Wednesday
2025-02-13,131.555,136.5,131.17,135.29,197429975.0,NVDA,53.5239,126.2241,2,February,Thursday
2025-02-14,136.48,139.25,135.5,138.85,195479557.0,NVDA,56.5576,127.6833,2,February,Friday
2025-02-18,141.27,143.44,137.925,139.4,219176627.0,NVDA,57.0244,128.4268,2,February,Tuesday
2025-02-19,139.51,141.36,137.22,139.23,167536006.0,NVDA,56.8212,129.536,2,February,Wednesday
2025-02-20,140.03,140.66,136.7901,140.11,143903583.0,NVDA,57.6622,130.6401,2,February,Thursday
2025-02-21,140.04,141.46,134.03,134.43,228217585.0,NVDA,50.786,131.6658,2,February,Friday
2025-02-24,136.56,138.59,130.08,130.28,251381137.0,NVDA,46.4295,132.6385,2,February,Monday
2025-02-25,129.98,130.2,124.44,126.63,271428711.0,NVDA,42.9406,133.2085,2,February,Tuesday
2025-02-26,129.985,133.73,128.49,131.28,322553814.0,NVDA,48.2734,133.6692,2,February,Wednesday
2025-02-27,135.0,135.01,120.01,120.15,443175846.0,NVDA,38.9016,133.0599,2,February,Thursday
2025-02-28,118.02,125.09,116.4,124.92,389091145.0,NVDA,43.926,132.7085,2,February,Friday
2025-03-03,123.51,123.7,112.28,114.06,411381373.0,NVDA,36.5554,131.3151,3,March,Monday
2025-03-04,110.645,119.31,110.11,115.99,398163305.0,NVDA,38.5295,130.1145,3,March,Tuesday
2025-03-05,117.58,118.2781,114.51,117.3,284337886.0,NVDA,39.8965,129.126,3,March,Wednesday
2025-03-06,113.53,115.35,110.22,110.57,321181861.0,NVDA,35.5256,127.3604,3,March,Thursday
2025-03-07,111.25,113.48,107.56,112.69,341755468.0,NVDA,37.8359,125.492,3,March,Friday
2025-03-10,109.9,111.85,105.46,106.98,361107562.0,NVDA,34.2736,123.1765,3,March,Monday
2025-03-11,106.99,112.236,104.77,108.76,354865692.0,NVDA,36.2874,121.0003,3,March,Tuesday
2025-03-12,114.12,116.76,112.88,115.74,323857454.0,NVDA,43.5961,119.2604,3,March,Wednesday
2025-03-13,117.03,117.76,113.79,115.58,299033131.0,NVDA,43.4731,117.9148,3,March,Thursday
2025-03-14,118.61,121.88,118.15,121.67,277593455.0,NVDA,49.3302,117.3006,3,March,Friday
2025-03-17,122.74,122.89,118.03,119.53,255501481.0,NVDA,47.4689,116.7943,3,March,Monday
2025-03-18,118.0,119.02,114.54,115.43,299686944.0,NVDA,44.0404,115.6629,3,March,Tuesday
2025-03-19,117.27,120.445,115.68,117.52,273426225.0,NVDA,46.1746,115.4758,3,March,Wednesday
2025-03-20,116.55,120.2,116.47,118.53,248829749.0,NVDA,47.2221,115.0201,3,March,Thursday
2025-03-21,116.94,117.99,115.42,117.7,266498528.0,NVDA,46.4225,115.2809,3,March,Friday
2025-03-24,119.88,122.22,119.34,121.41,228452534.0,NVDA,50.4603,115.6687,3,March,Monday
2025-03-25,120.545,121.29,118.92,120.69,167447198.0,NVDA,49.6778,115.9116,3,March,Tuesday
2025-03-26,118.73,118.84,112.71,113.76,296431667.0,NVDA,42.7987,116.1401,3,March,Wednesday
2025-03-27,111.35,114.45,110.66,111.43,236902055.0,NVDA,40.7553,116.0508,3,March,Thursday
2025-03-28,111.485,112.87,109.0701,109.67,229872549.0,NVDA,39.2316,116.2436,3,March,Friday
2025-03-31,105.13,110.955,103.65,108.38,299212653.0,NVDA,38.107,116.2171,3,March,Monday
2025-04-01,108.515,110.2,106.47,110.15,222614034.0,NVDA,40.622,115.8179,4,April,Tuesday
2025-04-02,107.29,111.98,106.79,110.42,220601243.0,NVDA,41.0158,115.4493,4,April,Wednesday
2025-04-03,103.51,105.63,101.6,101.8,338769412.0,NVDA,33.4007,114.03,4,April,Thursday
2025-04-04,98.91,100.13,92.11,94.31,532273810.0,NVDA,28.4568,112.2286,4,April,Friday
2025-04-07,87.46,101.75,86.62,97.64,611041347.0,NVDA,33.1915,110.9579,4,April,Monday
2025-04-08,103.805,105.85,94.46,96.3,476243392.0,NVDA,32.2661,109.4421,4,April,Tuesday
2025-04-09,98.89,115.1,97.5301,114.33,612918336.0,NVDA,51.756,109.1421,4,April,Wednesday
2025-04-10,109.37,110.86,99.15,107.57,437812353.0,NVDA,46.3688,108.4186,4,April,Thursday
2025-04-11,108.5,111.5499,107.48,110.93,313417265.0,NVDA,49.1992,107.67,4,April,Friday
2025-04-14,114.11,114.29,109.07,110.71,264705049.0,NVDA,49.0168,106.9571,4,April,Monday
2025-04-15,110.97,113.615,110.5,112.2,228966900.0,NVDA,50.3592,106.8457,4,April,Tuesday
2025-04-16,104.55,106.79,100.45,104.49,397016870.0,NVDA,43.9157,106.35,4,April,Wednesday
2025-04-17,104.45,104.47,100.05,101.49,292517465.0,NVDA,41.6809,105.7657,4,April,Thursday
2025-04-21,98.77,99.44,95.04,96.91,288501136.0,NVDA,38.4629,104.9464,4,April,Monday
2025-04-22,98.78,99.811,97.28,98.89,241004784.0,NVDA,40.5981,104.1421,4,April,Tuesday
2025-04-23,104.52,104.8,102.02,102.71,247525971.0,NVDA,44.5924,103.5914,4,April,Wednesday
2025-04-24,103.475,106.54,103.11,106.43,220815041.0,NVDA,48.2424,103.9221,4,April,Thursday
2025-04-25,106.85,111.92,105.73,111.01,251064672.0,NVDA,52.3999,105.115,4,April,Friday
2025-04-28,109.69,110.3699,106.02,108.73,207708479.0,NVDA,50.2365,105.9071,4,April,Monday
2025-04-29,107.67,110.1999,107.44,109.02,170444263.0,NVDA,50.5163,106.8157,4,April,Tuesday
2025-04-30,104.47,108.92,104.08,108.92,235044611.0,NVDA,50.4111,106.4293,4,April,Wednesday
2025-05-01,113.08,114.94,111.3,111.61,236121507.0,NVDA,53.2343,106.7179,5,May,Thursday
2025-05-02,114.18,115.4,113.37,114.5,190194778.0,NVDA,56.1244,106.9729,5,May,Friday
2025-05-05,112.905,114.665,112.66,113.82,133163241.0,NVDA,55.259,107.195,5,May,Monday
2025-05-06,111.48,114.74,110.822,113.54,158525621.0,NVDA,54.8838,107.2907,5,May,Tuesday
2025-05-07,113.045,117.68,112.2818,117.06,207827821.0,NVDA,58.6823,108.1886,5,May,Wednesday
2025-05-08,118.25,118.68,115.85,117.37,198428122.0,NVDA,59.0096,109.3229,5,May,Thursday
2025-05-09,117.35,118.23,115.21,116.65,132972189.0,NVDA,57.8631,110.7329,5,May,Friday
2025-05-12,121.97,123.0,120.28,123.0,225023345.0,NVDA,64.4276,112.455,5,May,Monday
2025-05-13,124.98,131.2189,124.47,129.93,330430105.0,NVDA,69.9328,114.3993,5,May,Tuesday
2025-05-14,133.195,135.435,131.68,135.34,281180830.0,NVDA,73.3945,116.4643,5,May,Wednesday
2025-05-15,134.295,136.3,132.66,134.83,226632563.0,NVDA,72.5465,118.1657,5,May,Thursday
2025-05-16,136.22,136.35,133.46,135.4,226542451.0,NVDA,72.9231,120.0707,5,May,Friday
2025-05-19,132.39,135.87,132.39,135.57,193154571.0,NVDA,73.0418,121.9671,5,May,Monday
2025-05-20,134.29,134.58,132.62,134.38,161514247.0,NVDA,70.7042,123.7857,5,May,Tuesday
2025-05-21,133.06,137.4,130.59,131.8,270608738.0,NVDA,65.7883,125.2279,5,May,Wednesday
2025-05-22,132.23,134.25,131.55,132.83,187343954.0,NVDA,66.7813,126.5371,5,May,Thursday
2025-05-23,130.0,132.68,129.16,131.29,198821324.0,NVDA,63.7996,127.785,5,May,Friday
2025-05-27,134.15,135.66,133.31,135.5,192953613.0,NVDA,68.0052,129.3536,5,May,Tuesday
2025-05-28,136.025,137.25,134.79,134.81,304021146.0,NVDA,66.6388,130.6214,5,May,Wednesday
2025-05-29,142.245,143.49,137.91,139.19,370615167.0,NVDA,70.6678,132.18,5,May,Thursday
