,sma,symbol
2012-06-07,29.8919,META
2012-06-08,29.1004,META
2012-06-11,28.6010,META
2012-06-12,28.3450,META
2012-06-13,28.0087,META
2012-06-14,27.6717,META
2012-06-15,27.5369,META
2012-06-18,27.7197,META
2012-06-19,27.9842,META
2012-06-20,28.1264,META
2012-06-21,28.4193,META
2012-06-22,28.8566,META
2012-06-25,29.2967,META
2012-06-26,29.7439,META
2012-06-27,30.1648,META
2012-06-28,30.4677,META
2012-06-29,30.7585,META
2012-07-02,30.9981,META
2012-07-03,31.2775,META
2012-07-05,31.5036,META
2012-07-06,31.6256,META
2012-07-09,31.6797,META
2012-07-10,31.6483,META
2012-07-11,31.6035,META
2012-07-12,31.5303,META
2012-07-13,31.3646,META
2012-07-16,31.0934,META
2012-07-17,30.7372,META
2012-07-18,30.5154,META
2012-07-19,30.3476,META
2012-07-20,30.1816,META
2012-07-23,30.0379,META
2012-07-24,29.8424,META
2012-07-25,29.6909,META
2012-07-26,29.3436,META
2012-07-27,28.7418,META
2012-07-30,28.1503,META
2012-07-31,27.4919,META
2012-08-01,26.7859,META
2012-08-02,26.0266,META
2012-08-03,25.5179,META
2012-08-06,25.0793,META
2012-08-07,24.4828,META
2012-08-08,23.8941,META
2012-08-09,23.3431,META
2012-08-10,22.8495,META
2012-08-13,22.3625,META
2012-08-14,21.7254,META
2012-08-15,21.3241,META
2012-08-16,21.0514,META
2012-08-17,20.7600,META
2012-08-20,20.6392,META
2012-08-21,20.5168,META
2012-08-22,20.4741,META
2012-08-23,20.3568,META
2012-08-24,20.1782,META
2012-08-27,20.0666,META
2012-08-28,19.9685,META
2012-08-29,19.8327,META
2012-08-30,19.6394,META
2012-08-31,19.3876,META
2012-09-04,19.1991,META
2012-09-05,19.0129,META
2012-09-06,18.9482,META
2012-09-07,18.9432,META
2012-09-10,18.8578,META
2012-09-11,18.8771,META
2012-09-12,18.9831,META
2012-09-13,19.0737,META
2012-09-14,19.2579,META
2012-09-17,19.4264,META
2012-09-18,19.6062,META
2012-09-19,19.9041,META
2012-09-20,20.1531,META
2012-09-21,20.4945,META
2012-09-24,20.7121,META
2012-09-25,20.8330,META
2012-09-26,20.9510,META
2012-09-27,21.0463,META
2012-09-28,21.2489,META
2012-10-01,21.4309,META
2012-10-02,21.5261,META
2012-10-03,21.6055,META
2012-10-04,21.6018,META
2012-10-05,21.5584,META
2012-10-08,21.4539,META
2012-10-09,21.2361,META
2012-10-10,21.0264,META
2012-10-11,20.8053,META
2012-10-12,20.7148,META
2012-10-15,20.6608,META
2012-10-16,20.5798,META
2012-10-17,20.5485,META
2012-10-18,20.3576,META
2012-10-19,20.1450,META
2012-10-22,19.9353,META
2012-10-23,19.7697,META
2012-10-24,19.8609,META
2012-10-25,19.9782,META
2012-10-26,20.0878,META
2012-10-31,20.1506,META
2012-11-01,20.2622,META
2012-11-02,20.3639,META
2012-11-05,20.4870,META
2012-11-06,20.6044,META
2012-11-07,20.6748,META
2012-11-08,20.6826,META
2012-11-09,20.6993,META
2012-11-12,20.7754,META
2012-11-13,20.8137,META
2012-11-14,21.0171,META
2012-11-15,20.9417,META
2012-11-16,21.0129,META
2012-11-19,21.0824,META
2012-11-20,21.2238,META
2012-11-21,21.4450,META
2012-11-23,21.6453,META
2012-11-26,21.9788,META
2012-11-27,22.3327,META
2012-11-28,22.7515,META
2012-11-29,23.2726,META
2012-11-30,23.8976,META
2012-12-03,24.3931,META
2012-12-04,24.9334,META
2012-12-05,25.3138,META
2012-12-06,25.6551,META
2012-12-07,25.9341,META
2012-12-10,26.2839,META
2012-12-11,26.6308,META
2012-12-12,26.8626,META
2012-12-13,27.1642,META
2012-12-14,27.2262,META
2012-12-17,27.2688,META
2012-12-18,27.3648,META
2012-12-19,27.3712,META
2012-12-20,27.3257,META
2012-12-21,27.2703,META
2012-12-24,27.2326,META
2012-12-26,27.1473,META
2012-12-27,27.0819,META
2012-12-28,26.9700,META
2012-12-31,26.8832,META
2013-01-02,26.8846,META
2013-01-03,26.8981,META
2013-01-04,26.9351,META
2013-01-07,27.1206,META
2013-01-08,27.2849,META
2013-01-09,27.4897,META
2013-01-10,27.7662,META
2013-01-11,28.0762,META
2013-01-14,28.4095,META
2013-01-15,28.6348,META
2013-01-16,28.8723,META
2013-01-17,29.1631,META
2013-01-18,29.4296,META
2013-01-22,29.7218,META
2013-01-23,29.9223,META
2013-01-24,30.1576,META
2013-01-25,30.3552,META
2013-01-28,30.5719,META
2013-01-29,30.6949,META
2013-01-30,30.7411,META
2013-01-31,30.7184,META
2013-02-01,30.5769,META
2013-02-04,30.3751,META
2013-02-05,30.2713,META
2013-02-06,30.2144,META
2013-02-07,30.1085,META
2013-02-08,30.0292,META
2013-02-11,29.8537,META
2013-02-12,29.6084,META
2013-02-13,29.3828,META
2013-02-14,29.1667,META
2013-02-15,28.8717,META
2013-02-19,28.7395,META
2013-02-20,28.5420,META
2013-02-21,28.2791,META
2013-02-22,28.0942,META
2013-02-25,28.0346,META
2013-02-26,27.9457,META
2013-02-27,27.7907,META
2013-02-28,27.6912,META
2013-03-01,27.6368,META
2013-03-04,27.5984,META
2013-03-05,27.6091,META
2013-03-06,27.5767,META
2013-03-07,27.5823,META
2013-03-08,27.5567,META
2013-03-11,27.5005,META
2013-03-12,27.4556,META
2013-03-13,27.4411,META
2013-03-14,27.4347,META
2013-03-15,27.3903,META
2013-03-18,27.3263,META
2013-03-19,27.3036,META
2013-03-20,27.2047,META
2013-03-21,27.0597,META
2013-03-22,26.9182,META
2013-03-25,26.7484,META
2013-03-26,26.5886,META
2013-03-27,26.4117,META
2013-03-28,26.2425,META
2013-04-01,26.0569,META
2013-04-02,25.8856,META
2013-04-03,25.8266,META
2013-04-04,25.8289,META
2013-04-05,25.8818,META
2013-04-08,25.9074,META
2013-04-09,25.9102,META
2013-04-10,26.0318,META
2013-04-11,26.1937,META
2013-04-12,26.3124,META
2013-04-15,26.4112,META
2013-04-16,26.5331,META
2013-04-17,26.5712,META
2013-04-18,26.5790,META
2013-04-19,26.5932,META
2013-04-22,26.6323,META
2013-04-23,26.6131,META
2013-04-24,26.5447,META
2013-04-25,26.4558,META
2013-04-26,26.4559,META
2013-04-29,26.4836,META
2013-04-30,26.4978,META
2013-05-01,26.4560,META
2013-05-02,26.5676,META
2013-05-03,26.6949,META
2013-05-06,26.7412,META
2013-05-07,26.7599,META
2013-05-08,26.8616,META
2013-05-09,26.9547,META
2013-05-10,27.0052,META
2013-05-13,27.0649,META
2013-05-14,27.1332,META
2013-05-15,27.1659,META
2013-05-16,27.1147,META
2013-05-17,27.0628,META
2013-05-20,26.9199,META
2013-05-21,26.7940,META
2013-05-22,26.5231,META
2013-05-23,26.2920,META
2013-05-24,26.0604,META
2013-05-28,25.8621,META
2013-05-29,25.5919,META
2013-05-30,25.4149,META
2013-05-31,25.2491,META
2013-06-03,25.0378,META
2013-06-04,24.7854,META
2013-06-05,24.5223,META
2013-06-06,24.2976,META
2013-06-07,24.0872,META
2013-06-10,23.9856,META
2013-06-11,23.8697,META
2013-06-12,23.7710,META
2013-06-13,23.6764,META
2013-06-14,23.6279,META
2013-06-17,23.6224,META
2013-06-18,23.6856,META
2013-06-19,23.6685,META
2013-06-20,23.6367,META
2013-06-21,23.6851,META
2013-06-24,23.7146,META
2013-06-25,23.8107,META
2013-06-26,23.8953,META
2013-06-27,23.9926,META
2013-06-28,24.0317,META
2013-07-01,24.0872,META
2013-07-02,24.1327,META
2013-07-03,24.1889,META
2013-07-05,24.2415,META
2013-07-08,24.2904,META
2013-07-09,24.3807,META
2013-07-10,24.4867,META
2013-07-11,24.6225,META
2013-07-12,24.7206,META
2013-07-15,24.8873,META
2013-07-16,25.0345,META
2013-07-17,25.2115,META
2013-07-18,25.3196,META
2013-07-19,25.3907,META
2013-07-22,25.4786,META
2013-07-23,25.6008,META
2013-07-24,25.7423,META
2013-07-25,26.4525,META
2013-07-26,27.1137,META
2013-07-29,27.8211,META
2013-07-30,28.6620,META
2013-07-31,29.4433,META
2013-08-01,30.2665,META
2013-08-02,31.1033,META
2013-08-05,32.0183,META
2013-08-06,32.8643,META
2013-08-07,33.7665,META
2013-08-08,34.6666,META
2013-08-09,35.5521,META
2013-08-12,36.4116,META
2013-08-13,37.1588,META
2013-08-14,37.3217,META
2013-08-15,37.5030,META
2013-08-16,37.6203,META
2013-08-19,37.6333,META
2013-08-20,37.7477,META
2013-08-21,37.8068,META
2013-08-22,37.8424,META
2013-08-23,37.9391,META
2013-08-26,38.1375,META
2013-08-27,38.1922,META
2013-08-28,38.3350,META
2013-08-29,38.5326,META
2013-08-30,38.7512,META
2013-09-03,39.0961,META
2013-09-04,39.4608,META
2013-09-05,39.8945,META
2013-09-06,40.3829,META
2013-09-09,40.8259,META
2013-09-10,41.1948,META
2013-09-11,41.6726,META
2013-09-12,42.1134,META
2013-09-13,42.3807,META
2013-09-16,42.4639,META
2013-09-17,42.8500,META
2013-09-18,43.1828,META
2013-09-19,43.5170,META
2013-09-20,43.9575,META
2013-09-23,44.3357,META
2013-09-24,44.8100,META
2013-09-25,45.2934,META
2013-09-26,45.7513,META
2013-09-27,46.2632,META
2013-09-30,46.7345,META
2013-10-01,47.1170,META
2013-10-02,47.5102,META
2013-10-03,47.8567,META
2013-10-04,48.4631,META
2013-10-07,48.8502,META
2013-10-08,48.9860,META
2013-10-09,49.0422,META
2013-10-10,49.1531,META
2013-10-11,49.2896,META
2013-10-14,49.3650,META
2013-10-15,49.3678,META
2013-10-16,49.4208,META
2013-10-17,49.4897,META
2013-10-18,49.7734,META
2013-10-21,50.0173,META
2013-10-22,50.1876,META
2013-10-23,50.3807,META
2013-10-24,50.4806,META
2013-10-25,50.5826,META
2013-10-28,50.8023,META
2013-10-29,50.9889,META
2013-10-30,50.9860,META
2013-10-31,51.0639,META
2013-11-01,51.0810,META
2013-11-04,50.9900,META
2013-11-05,50.9167,META
2013-11-06,50.6970,META
2013-11-07,50.2235,META
2013-11-08,49.7742,META
2013-11-11,49.3139,META
2013-11-12,48.9374,META
2013-11-13,48.6719,META
2013-11-14,48.4614,META
2013-11-15,48.3747,META
2013-11-18,48.1213,META
2013-11-19,47.9329,META
2013-11-20,47.6645,META
2013-11-21,47.4476,META
2013-11-22,47.3062,META
2013-11-25,46.9304,META
2013-11-26,46.7008,META
2013-11-27,46.6247,META
2013-11-29,46.5877,META
2013-12-02,46.6489,META
2013-12-03,46.6578,META
2013-12-04,46.6514,META
2013-12-05,46.6051,META
2013-12-06,46.5291,META
2013-12-09,46.7431,META
2013-12-10,47.0193,META
2013-12-11,47.2290,META
2013-12-12,47.5937,META
2013-12-13,48.0978,META
2013-12-16,48.7370,META
2013-12-17,49.3747,META
2013-12-18,50.0203,META
2013-12-19,50.5919,META
2013-12-20,51.1649,META
2013-12-23,51.9498,META
2013-12-24,52.6139,META
2013-12-26,53.2815,META
2013-12-27,53.8147,META
2013-12-30,54.1609,META
2013-12-31,54.4740,META
2014-01-02,54.8530,META
2014-01-03,55.0469,META
2014-01-06,55.3227,META
2014-01-07,55.6149,META
2014-01-08,55.8545,META
2014-01-09,55.9718,META
2014-01-10,56.1773,META
2014-01-13,56.2335,META
2014-01-14,56.2313,META
2014-01-15,56.2057,META
2014-01-16,56.1673,META
2014-01-17,56.2285,META
2014-01-21,56.5697,META
2014-01-22,56.7731,META
2014-01-23,56.9097,META
2014-01-24,56.9020,META
2014-01-27,56.6425,META
2014-01-28,56.4449,META
2014-01-29,56.1107,META
2014-01-30,56.3852,META
2014-01-31,56.7144,META
2014-02-03,57.1104,META
2014-02-04,57.4666,META
2014-02-05,57.7929,META
2014-02-06,58.1462,META
2014-02-07,58.7164,META
2014-02-10,59.0746,META
2014-02-11,59.5965,META
2014-02-12,60.1525,META
2014-02-13,61.0682,META
2014-02-14,62.0309,META
2014-02-18,62.8954,META
2014-02-19,63.9284,META
2014-02-20,64.5363,META
2014-02-21,64.9643,META
2014-02-24,65.6255,META
2014-02-25,66.1303,META
2014-02-26,66.6329,META
2014-02-27,67.1150,META
2014-02-28,67.4093,META
2014-03-03,67.6839,META
2014-03-04,67.9647,META
2014-03-05,68.4709,META
2014-03-06,68.7204,META
2014-03-07,68.9131,META
2014-03-10,69.2494,META
2014-03-11,69.3944,META
2014-03-12,69.4833,META
2014-03-13,69.5003,META
2014-03-14,69.2828,META
2014-03-17,69.2039,META
2014-03-18,69.1989,META
2014-03-19,69.1491,META
2014-03-20,69.0432,META
2014-03-21,69.0311,META
2014-03-24,68.6969,META
2014-03-25,68.2220,META
2014-03-26,67.4787,META
2014-03-27,66.8509,META
2014-03-28,65.9963,META
2014-03-31,65.2953,META
2014-04-01,64.7081,META
2014-04-02,64.2737,META
2014-04-03,63.6886,META
2014-04-04,62.8360,META
2014-04-07,61.9658,META
2014-04-08,61.2513,META
2014-04-09,60.9271,META
2014-04-10,60.3526,META
2014-04-11,59.9566,META
2014-04-14,59.5301,META
2014-04-15,59.4380,META
2014-04-16,59.3491,META
2014-04-17,59.2730,META
2014-04-21,59.3441,META
2014-04-22,59.3733,META
2014-04-23,59.2766,META
2014-04-24,59.3747,META
2014-04-25,59.4430,META
2014-04-28,59.3855,META
2014-04-29,59.3826,META
2014-04-30,59.1956,META
2014-05-01,59.3371,META
2014-05-02,59.4743,META
2014-05-05,59.6400,META
2014-05-06,59.6002,META
2014-05-07,59.4345,META
2014-05-08,59.2795,META
2014-05-09,58.9951,META
2014-05-12,58.7676,META
2014-05-13,58.6588,META
2014-05-14,58.5422,META
2014-05-15,58.5571,META
2014-05-16,58.6908,META
2014-05-19,58.7661,META
2014-05-20,58.6794,META
2014-05-21,58.6325,META
2014-05-22,58.6367,META
2014-05-23,58.6460,META
2014-05-27,58.9980,META
2014-05-28,59.4331,META
2014-05-29,59.9357,META
2014-05-30,60.3666,META
2014-06-02,60.5976,META
2014-06-03,60.8138,META
2014-06-04,61.1060,META
2014-06-05,61.4804,META
2014-06-06,61.7990,META
2014-06-09,62.0599,META
2014-06-10,62.5725,META
2014-06-11,62.9487,META
2014-06-12,63.2167,META
2014-06-13,63.4406,META
2014-06-16,63.4911,META
2014-06-17,63.5543,META
2014-06-18,63.6802,META
2014-06-19,63.7542,META
2014-06-20,63.8552,META
2014-06-23,64.0329,META
2014-06-24,64.2021,META
2014-06-25,64.5046,META
2014-06-26,64.8338,META
2014-06-27,65.1693,META
2014-06-30,65.2774,META
2014-07-01,65.4394,META
2014-07-02,65.5930,META
2014-07-03,65.7202,META
2014-07-07,65.7985,META
2014-07-08,65.6819,META
2014-07-09,65.6371,META
2014-07-10,65.6748,META
2014-07-11,65.8056,META
2014-07-14,65.9855,META
2014-07-15,66.0882,META
2014-07-16,66.1039,META
2014-07-17,66.0527,META
2014-07-18,66.1110,META
2014-07-21,66.2610,META
2014-07-22,66.3470,META
2014-07-23,66.6911,META
2014-07-24,67.3090,META
2014-07-25,68.0128,META
2014-07-28,68.8773,META
2014-07-29,69.4987,META
2014-07-30,70.1958,META
2014-07-31,70.6444,META
2014-08-01,70.9615,META
2014-08-04,71.4126,META
2014-08-05,71.7702,META
2014-08-06,72.2011,META
2014-08-07,72.5388,META
2014-08-08,72.7990,META
2014-08-11,73.0955,META
2014-08-12,73.2050,META
2014-08-13,73.1189,META
2014-08-14,73.0554,META
2014-08-15,72.9637,META
2014-08-18,73.0262,META
2014-08-19,73.0698,META
2014-08-20,73.2234,META
2014-08-21,73.3805,META
2014-08-22,73.4559,META
2014-08-25,73.6215,META
2014-08-26,73.8696,META
2014-08-27,73.9735,META
2014-08-28,74.0300,META
2014-08-29,74.1281,META
2014-09-02,74.4018,META
2014-09-03,74.5483,META
2014-09-04,74.6659,META
2014-09-05,74.9239,META
2014-09-08,75.1586,META
2014-09-09,75.2567,META
2014-09-10,75.4429,META
2014-09-11,75.6811,META
2014-09-12,75.8880,META
2014-09-15,75.8567,META
2014-09-16,75.8652,META
2014-09-17,75.9932,META
2014-09-18,76.2168,META
2014-09-19,76.4365,META
2014-09-22,76.4450,META
2014-09-23,76.6199,META
2014-09-24,76.8037,META
2014-09-25,76.8009,META
2014-09-26,76.8649,META
2014-09-29,77.0305,META
2014-09-30,77.1450,META
2014-10-01,77.0476,META
2014-10-02,77.0191,META
2014-10-03,77.2225,META
2014-10-06,77.3273,META
2014-10-07,77.3174,META
2014-10-08,77.3544,META
2014-10-09,77.2122,META
2014-10-10,76.9356,META
2014-10-13,76.5588,META
2014-10-14,76.2072,META
2014-10-15,75.9221,META
2014-10-16,75.4842,META
2014-10-17,75.2673,META
2014-10-20,75.1187,META
2014-10-21,75.2709,META
2014-10-22,75.3626,META
2014-10-23,75.5474,META
2014-10-24,75.7689,META
2014-10-27,76.0526,META
2014-10-28,76.2837,META
2014-10-29,76.2801,META
2014-10-30,76.3654,META
2014-10-31,76.5076,META
2014-11-03,76.5282,META
2014-11-04,76.7095,META
2014-11-05,76.8659,META
2014-11-06,76.8169,META
2014-11-07,76.7209,META
2014-11-10,76.4585,META
2014-11-11,76.1912,META
2014-11-12,75.8130,META
2014-11-13,75.3566,META
2014-11-14,74.9726,META
2014-11-17,74.5084,META
2014-11-18,74.4003,META
2014-11-19,74.3449,META
2014-11-20,74.2460,META
2014-11-21,74.2368,META
2014-11-24,74.1124,META
2014-11-25,74.1692,META
2014-11-26,74.3370,META
2014-11-28,74.4863,META
2014-12-01,74.4934,META
2014-12-02,74.5539,META
2014-12-03,74.5653,META
2014-12-04,74.6356,META
2014-12-05,74.7409,META
2014-12-08,74.9030,META
2014-12-09,75.0807,META
2014-12-10,75.2833,META
2014-12-11,75.5770,META
2014-12-12,75.8670,META
2014-12-15,76.0789,META
2014-12-16,76.0121,META
2014-12-17,75.9047,META
2014-12-18,75.9545,META
2014-12-19,76.2943,META
2014-12-22,76.7202,META
2014-12-23,77.1276,META
2014-12-24,77.5207,META
2014-12-26,77.8346,META
2014-12-29,78.0835,META
2014-12-30,78.2527,META
2014-12-31,78.3835,META
2015-01-02,78.4347,META
2015-01-05,78.3892,META
2015-01-06,78.3295,META
2015-01-07,78.4333,META
2015-01-08,78.5801,META
2015-01-09,78.5331,META
2015-01-12,78.3085,META
2015-01-13,77.9530,META
2015-01-14,77.6451,META
2015-01-15,77.1674,META
2015-01-16,76.7696,META
2015-01-20,76.5009,META
2015-01-21,76.3245,META
2015-01-22,76.2982,META
2015-01-23,76.2541,META
2015-01-26,76.2758,META
2015-01-27,76.2495,META
2015-01-28,76.2559,META
2015-01-29,76.2435,META
2015-01-30,76.1134,META
2015-02-02,75.9904,META
2015-02-03,75.9157,META
2015-02-04,75.8695,META
2015-02-05,75.9808,META
2015-02-06,75.9303,META
2015-02-09,75.8023,META
2015-02-10,75.6921,META
2015-02-11,75.6111,META
2015-02-12,75.4973,META
2015-02-13,75.3726,META
2015-02-17,75.3598,META
2015-02-18,75.3932,META
2015-02-19,75.4941,META
2015-02-20,75.7774,META
2015-02-23,76.0512,META
2015-02-24,76.2680,META
2015-02-25,76.5474,META
2015-02-26,76.8883,META
2015-02-27,77.2083,META
2015-03-02,77.5858,META
2015-03-03,77.8993,META
2015-03-04,78.2111,META
2015-03-05,78.5651,META
2015-03-06,78.8684,META
2015-03-09,79.1414,META
2015-03-10,79.2011,META
2015-03-11,79.0696,META
2015-03-12,79.0010,META
2015-03-13,78.9448,META
2015-03-16,78.9178,META
2015-03-17,78.9039,META
2015-03-18,78.9395,META
2015-03-19,79.2082,META
2015-03-20,79.4961,META
2015-03-23,79.8395,META
2015-03-24,80.1534,META
2015-03-25,80.2750,META
2015-03-26,80.4887,META
2015-03-27,80.7631,META
2015-03-30,81.1644,META
2015-03-31,81.4947,META
2015-04-01,81.6891,META
2015-04-02,81.9383,META
2015-04-06,82.2490,META
2015-04-07,82.4591,META
2015-04-08,82.5561,META
2015-04-09,82.5149,META
2015-04-10,82.3898,META
2015-04-13,82.2888,META
2015-04-14,82.1612,META
2015-04-15,82.1459,META
2015-04-16,82.0961,META
2015-04-17,81.9166,META
2015-04-20,81.9092,META
2015-04-21,82.0090,META
2015-04-22,82.2198,META
2015-04-23,82.2806,META
2015-04-24,82.2159,META
2015-04-27,82.1868,META
2015-04-28,82.0734,META
2015-04-29,81.9522,META
2015-04-30,81.7197,META
2015-05-01,81.4339,META
2015-05-04,81.0994,META
2015-05-05,80.7336,META
2015-05-06,80.4343,META
2015-05-07,80.2672,META
2015-05-08,79.9416,META
2015-05-11,79.5427,META
2015-05-12,79.0330,META
2015-05-13,78.7507,META
2015-05-14,78.7393,META
2015-05-15,78.6334,META
2015-05-18,78.6476,META
2015-05-19,78.6593,META
2015-05-20,78.7859,META
2015-05-21,78.8918,META
2015-05-22,79.0148,META
2015-05-26,79.1410,META
2015-05-27,79.3152,META
2015-05-28,79.4375,META
2015-05-29,79.4858,META
2015-06-01,79.6479,META
2015-06-02,79.8602,META
2015-06-03,80.1445,META
2015-06-04,80.1929,META
2015-06-05,80.3152,META
2015-06-08,80.3002,META
2015-06-09,80.3031,META
2015-06-10,80.4176,META
2015-06-11,80.5135,META
2015-06-12,80.5839,META
2015-06-15,80.6817,META
2015-06-16,80.7179,META
2015-06-17,80.8349,META
2015-06-18,81.0990,META
2015-06-19,81.2568,META
2015-06-22,81.5622,META
2015-06-23,81.9490,META
2015-06-24,82.4331,META
2015-06-25,82.8483,META
2015-06-26,83.3702,META
2015-06-29,83.7349,META
2015-06-30,83.9912,META
2015-07-01,84.3524,META
2015-07-02,84.7615,META
2015-07-06,85.2478,META
2015-07-07,85.6858,META
2015-07-08,85.9602,META
2015-07-09,86.1717,META
2015-07-10,86.5585,META
2015-07-13,86.9396,META
2015-07-14,87.0676,META
2015-07-15,87.1315,META
2015-07-16,87.3356,META
2015-07-17,87.8304,META
2015-07-20,88.6914,META
2015-07-21,89.5890,META
2015-07-22,90.3092,META
2015-07-23,90.8890,META
2015-07-24,91.5573,META
2015-07-27,92.0514,META
2015-07-28,92.7368,META
2015-07-29,93.5267,META
2015-07-30,94.0428,META
2015-07-31,94.3208,META
2015-08-03,94.6379,META
2015-08-04,94.9436,META
2015-08-05,95.3411,META
2015-08-06,95.3517,META
2015-08-07,95.0951,META
2015-08-10,94.7936,META
2015-08-11,94.5505,META
2015-08-12,94.4616,META
2015-08-13,94.2113,META
2015-08-14,94.2291,META
2015-08-17,94.1324,META
2015-08-18,94.0030,META
2015-08-19,94.0101,META
2015-08-20,93.7648,META
2015-08-21,93.1904,META
2015-08-24,92.3394,META
2015-08-25,91.3838,META
2015-08-26,90.8200,META
2015-08-27,90.4951,META
2015-08-28,90.2719,META
2015-08-31,89.9740,META
2015-09-01,89.4792,META
2015-09-02,89.2275,META
2015-09-03,88.7817,META
2015-09-04,88.3786,META
2015-09-08,87.9776,META
2015-09-09,87.6314,META
2015-09-10,87.7323,META
2015-09-11,88.1582,META
2015-09-14,88.8848,META
2015-09-15,89.5886,META
2015-09-16,90.0337,META
2015-09-17,90.3615,META
2015-09-18,90.6025,META
2015-09-21,91.0376,META
2015-09-22,91.4450,META
2015-09-23,91.7350,META
2015-09-24,92.1801,META
2015-09-25,92.5008,META
2015-09-28,92.4780,META
2015-09-29,92.2100,META
2015-09-30,92.0500,META
2015-10-01,91.9718,META
2015-10-02,91.9547,META
2015-10-05,92.0336,META
2015-10-06,91.9874,META
2015-10-07,91.8495,META
2015-10-08,91.7123,META
2015-10-09,91.5481,META
2015-10-12,91.6405,META
2015-10-13,91.6512,META
2015-10-14,91.6270,META
2015-10-15,91.8538,META
2015-10-16,92.4460,META
2015-10-19,93.2849,META
2015-10-20,93.8018,META
2015-10-21,94.2398,META
2015-10-22,94.7801,META
2015-10-23,95.3617,META
2015-10-26,96.1416,META
2015-10-27,96.9450,META
2015-10-28,97.7790,META
2015-10-29,98.6065,META
2015-10-30,99.1547,META
2015-11-02,99.8080,META
2015-11-03,100.4131,META
2015-11-04,100.9804,META
2015-11-05,101.7781,META
2015-11-06,102.3913,META
2015-11-09,103.0660,META
2015-11-10,103.8339,META
2015-11-11,104.4979,META
2015-11-12,104.9124,META
2015-11-13,104.9252,META
2015-11-16,104.9494,META
2015-11-17,105.0155,META
2015-11-18,105.2210,META
2015-11-19,105.5260,META
2015-11-20,105.8111,META
2015-11-23,106.1218,META
2015-11-24,106.2497,META
2015-11-25,106.0116,META
2015-11-27,105.8946,META
2015-11-30,105.7346,META
2015-12-01,105.6785,META
2015-12-02,105.4695,META
2015-12-03,105.2107,META
2015-12-04,105.3692,META
2015-12-07,105.4808,META
2015-12-08,105.5775,META
2015-12-09,105.3521,META
2015-12-10,105.2924,META
2015-12-11,104.9227,META
2015-12-14,104.7599,META
2015-12-15,104.6753,META
2015-12-16,104.7734,META
2015-12-17,104.8282,META
2015-12-18,104.8139,META
2015-12-21,104.6469,META
2015-12-22,104.6071,META
2015-12-23,104.6248,META
2015-12-24,104.5424,META
2015-12-28,104.5651,META
2015-12-29,104.6199,META
2015-12-30,104.7350,META
2015-12-31,104.6810,META
2016-01-04,104.6881,META
2016-01-05,104.5509,META
2016-01-06,104.4386,META
2016-01-07,103.8079,META
2016-01-08,103.1759,META
2016-01-11,102.7116,META
2016-01-12,102.3277,META
2016-01-13,101.6118,META
2016-01-14,101.1667,META
2016-01-15,100.4522,META
2016-01-19,99.6936,META
2016-01-20,98.7757,META
2016-01-21,97.9183,META
2016-01-22,97.4405,META
2016-01-25,97.0701,META
2016-01-26,96.6869,META
2016-01-27,96.0812,META
2016-01-28,96.8767,META
2016-01-29,97.9347,META
2016-02-01,99.1845,META
2016-02-02,100.2680,META
2016-02-03,101.4945,META
2016-02-04,102.3561,META
2016-02-05,103.0031,META
2016-02-08,103.3223,META
2016-02-09,103.6913,META
2016-02-10,104.1776,META
2016-02-11,104.4599,META
2016-02-12,104.8154,META
2016-02-16,105.1190,META
2016-02-17,105.8832,META
2016-02-18,105.4823,META
2016-02-19,104.9391,META
2016-02-22,104.3753,META
2016-02-23,103.7247,META
2016-02-24,103.3117,META
2016-02-25,103.1396,META
2016-02-26,103.4133,META
2016-02-29,103.9231,META
2016-03-01,104.6540,META
2016-03-02,105.2903,META
2016-03-03,105.8356,META
2016-03-04,106.2892,META
2016-03-07,106.5821,META
2016-03-08,106.6340,META
2016-03-09,106.9212,META
2016-03-10,107.1168,META
2016-03-11,107.2767,META
2016-03-14,107.5917,META
2016-03-15,107.8611,META
2016-03-16,108.1533,META
2016-03-17,108.3737,META
2016-03-18,108.6958,META
2016-03-21,108.8401,META
2016-03-22,109.0037,META
2016-03-23,109.2141,META
2016-03-24,109.5454,META
2016-03-28,110.1113,META
2016-03-29,110.8372,META
2016-03-30,111.3484,META
2016-03-31,111.8305,META
2016-04-01,112.3032,META
2016-04-04,112.4924,META
2016-04-05,112.6026,META
2016-04-06,112.7113,META
2016-04-07,112.8976,META
2016-04-08,112.8393,META
2016-04-11,112.6360,META
2016-04-12,112.5194,META
2016-04-13,112.3751,META
2016-04-14,112.2179,META
2016-04-15,111.9300,META
2016-04-18,111.5255,META
2016-04-19,111.3541,META
2016-04-20,111.2347,META
2016-04-21,111.0484,META
2016-04-22,110.9069,META
2016-04-25,110.7562,META
2016-04-26,110.4043,META
2016-04-27,110.0666,META
2016-04-28,110.5002,META
2016-04-29,111.1110,META
2016-05-02,111.6769,META
2016-05-03,112.1689,META
2016-05-04,112.6822,META
2016-05-05,113.2631,META
2016-05-06,113.9058,META
2016-05-09,114.3999,META
2016-05-10,114.9743,META
2016-05-11,115.4066,META
2016-05-12,116.0977,META
2016-05-13,116.7880,META
2016-05-16,117.4926,META
2016-05-17,118.0941,META
2016-05-18,118.1595,META
2016-05-19,118.1047,META
2016-05-20,118.0180,META
2016-05-23,117.9142,META
2016-05-24,117.8886,META
2016-05-25,117.8943,META
2016-05-26,117.8929,META
2016-05-27,117.9028,META
2016-05-31,117.7827,META
2016-06-01,117.7300,META
2016-06-02,117.6341,META
2016-06-03,117.5388,META
2016-06-06,117.5473,META
2016-06-07,117.5765,META
2016-06-08,117.6291,META
2016-06-09,117.7535,META
2016-06-10,117.7016,META
2016-06-13,117.5580,META
2016-06-14,117.3618,META
2016-06-15,117.1279,META
2016-06-16,116.7667,META
2016-06-17,116.3145,META
2016-06-20,115.9277,META
2016-06-21,115.6149,META
2016-06-22,115.2580,META
2016-06-23,115.0170,META
2016-06-24,114.5399,META
2016-06-27,113.9150,META
2016-06-28,113.5105,META
2016-06-29,113.1976,META
2016-06-30,113.0313,META
2016-07-01,113.0483,META
2016-07-05,112.9815,META
2016-07-06,113.1308,META
2016-07-07,113.2346,META
2016-07-08,113.5346,META
2016-07-11,113.8546,META
2016-07-12,114.1070,META
2016-07-13,114.3110,META
2016-07-14,114.4681,META
2016-07-15,114.8080,META
2016-07-18,115.5474,META
2016-07-19,116.1098,META
2016-07-20,116.6615,META
2016-07-21,117.1115,META
2016-07-22,117.5957,META
2016-07-25,118.1381,META
2016-07-26,118.4595,META
2016-07-27,118.9920,META
2016-07-28,119.5437,META
2016-07-29,119.9753,META
2016-08-01,120.4289,META
2016-08-02,120.8775,META
2016-08-03,121.2486,META
2016-08-04,121.7818,META
2016-08-05,122.1928,META
2016-08-08,122.5234,META
2016-08-09,122.7466,META
2016-08-10,123.0502,META
2016-08-11,123.3275,META
2016-08-12,123.5585,META
2016-08-15,123.7491,META
2016-08-16,123.7462,META
2016-08-17,123.7014,META
2016-08-18,123.6993,META
2016-08-19,123.6460,META
2016-08-22,123.7213,META
2016-08-23,123.8536,META
2016-08-24,123.7910,META
2016-08-25,123.7014,META
2016-08-26,123.6801,META
2016-08-29,123.7853,META
2016-08-30,123.8536,META
2016-08-31,123.9403,META
2016-09-01,124.0320,META
2016-09-02,124.2176,META
2016-09-06,124.6747,META
2016-09-07,125.1497,META
2016-09-08,125.6018,META
2016-09-09,125.8535,META
2016-09-12,126.1763,META
2016-09-13,126.3782,META
2016-09-14,126.6832,META
2016-09-15,127.0003,META
2016-09-16,127.2925,META
2016-09-19,127.4425,META
2016-09-20,127.6416,META
2016-09-21,127.9132,META
2016-09-22,128.1912,META
2016-09-23,128.2943,META
2016-09-26,128.1222,META
2016-09-27,127.9544,META
2016-09-28,127.8805,META
2016-09-29,127.9509,META
2016-09-30,127.9210,META
2016-10-03,128.0319,META
2016-10-04,128.0618,META
2016-10-05,128.0703,META
2016-10-06,128.0468,META
2016-10-07,128.0710,META
2016-10-10,128.1848,META
2016-10-11,128.1094,META
2016-10-12,128.0362,META
2016-10-13,128.0262,META
2016-10-14,128.0668,META
2016-10-17,127.9850,META
2016-10-18,127.9381,META
2016-10-19,128.0817,META
2016-10-20,128.2047,META
2016-10-21,128.4393,META
2016-10-24,128.8012,META
2016-10-25,129.0728,META
2016-10-26,129.2363,META
2016-10-27,129.2861,META
2016-10-28,129.3607,META
2016-10-31,129.5107,META
2016-11-01,129.5427,META
2016-11-02,129.4965,META
2016-11-03,128.9363,META
2016-11-04,128.4535,META
2016-11-07,127.9971,META
2016-11-08,127.5783,META
2016-11-09,127.0934,META
2016-11-10,126.2922,META
2016-11-11,125.2784,META
2016-11-14,124.0548,META
2016-11-15,123.0708,META
2016-11-16,122.1217,META
2016-11-17,121.1619,META
2016-11-18,120.1686,META
2016-11-21,119.6191,META
2016-11-22,119.2138,META
2016-11-23,119.2735,META
2016-11-25,119.2472,META
2016-11-28,119.1235,META
2016-11-29,118.8854,META
2016-11-30,118.5469,META
2016-12-01,118.1417,META
2016-12-02,117.8843,META
2016-12-05,118.0514,META
2016-12-06,118.0592,META
2016-12-07,118.1737,META
2016-12-08,118.2533,META
2016-12-09,118.4424,META
2016-12-12,118.1580,META
2016-12-13,118.0756,META
2016-12-14,118.0308,META
2016-12-15,118.0443,META
2016-12-16,118.0059,META
2016-12-19,117.8900,META
2016-12-20,117.9376,META
2016-12-21,118.2178,META
2016-12-22,118.3600,META
2016-12-23,118.3486,META
2016-12-27,118.3983,META
2016-12-28,118.3251,META
2016-12-29,118.1431,META
2016-12-30,117.8139,META
2017-01-03,117.7492,META
2017-01-04,117.6341,META
2017-01-05,117.6668,META
2017-01-06,117.8687,META
2017-01-09,118.2263,META
2017-01-10,118.5896,META
2017-01-11,119.0873,META
2017-01-12,119.6262,META
2017-01-13,120.4040,META
2017-01-17,121.1576,META
2017-01-18,121.8622,META
2017-01-19,122.6179,META
2017-01-20,123.3779,META
2017-01-23,124.3648,META
2017-01-24,125.2542,META
2017-01-25,126.1635,META
2017-01-26,127.0245,META
2017-01-27,127.6480,META
2017-01-30,128.0803,META
2017-01-31,128.5047,META
2017-02-01,129.0123,META
2017-02-02,129.3124,META
2017-02-03,129.5001,META
2017-02-06,129.7980,META
2017-02-07,130.0767,META
2017-02-08,130.5494,META
2017-02-09,131.0542,META
2017-02-10,131.4282,META
2017-02-13,131.7609,META
2017-02-14,131.9294,META
2017-02-15,131.9763,META
2017-02-16,132.0944,META
2017-02-17,132.2757,META
2017-02-21,132.5174,META
2017-02-22,132.7229,META
2017-02-23,133.0442,META
2017-02-24,133.3613,META
2017-02-27,133.6706,META
2017-02-28,133.9336,META
2017-03-01,134.1626,META
2017-03-02,134.3488,META
2017-03-03,134.5607,META
2017-03-06,134.8003,META
2017-03-07,135.0456,META
2017-03-08,135.3499,META
2017-03-09,135.6627,META
2017-03-10,136.0367,META
2017-03-13,136.4547,META
2017-03-14,136.6822,META
2017-03-15,136.9922,META
2017-03-16,137.3157,META
2017-03-17,137.5596,META
2017-03-20,137.8724,META
2017-03-21,137.9499,META
2017-03-22,138.1511,META
2017-03-23,138.3189,META
2017-03-24,138.5265,META
2017-03-27,138.7412,META
2017-03-28,139.0284,META
2017-03-29,139.3419,META
2017-03-30,139.5993,META
2017-03-31,139.7735,META
2017-04-03,139.9839,META
2017-04-04,140.1268,META
2017-04-05,140.2591,META
2017-04-06,140.3536,META
2017-04-07,140.4134,META
2017-04-10,140.5932,META
2017-04-11,140.6167,META
2017-04-12,140.6203,META
2017-04-13,140.5527,META
2017-04-17,140.6309,META
2017-04-18,140.5740,META
2017-04-19,140.5470,META
2017-04-20,140.6458,META
2017-04-21,140.7617,META
2017-04-24,140.9885,META
2017-04-25,141.3270,META
2017-04-26,141.6618,META
2017-04-27,142.1261,META
2017-04-28,142.7994,META
2017-05-01,143.6113,META
2017-05-02,144.5256,META
2017-05-03,145.3944,META
2017-05-04,146.2091,META
2017-05-05,146.8362,META
2017-05-08,147.5543,META
2017-05-09,148.1380,META
2017-05-10,148.5994,META
2017-05-11,149.0516,META
2017-05-12,149.3971,META
2017-05-15,149.6602,META
2017-05-16,149.8891,META
2017-05-17,149.6865,META
2017-05-18,149.5023,META
2017-05-19,149.1895,META
2017-05-22,148.8667,META
2017-05-23,148.6015,META
2017-05-24,148.5440,META
2017-05-25,148.6662,META
2017-05-26,148.7423,META
2017-05-30,148.8774,META
2017-05-31,148.9606,META
2017-06-01,149.0665,META
2017-06-02,149.2997,META
2017-06-05,149.5443,META
2017-06-06,149.7597,META
2017-06-07,150.3477,META
2017-06-08,150.8489,META
2017-06-09,150.9584,META
2017-06-12,150.9726,META
2017-06-13,151.1582,META
2017-06-14,151.1731,META
2017-06-15,151.0195,META
2017-06-16,150.9136,META
2017-06-19,150.9484,META
2017-06-20,151.0046,META
2017-06-21,151.1738,META
2017-06-22,151.1589,META
2017-06-23,151.2613,META
2017-06-26,151.3167,META
2017-06-27,151.1361,META
2017-06-28,151.0316,META
2017-06-29,151.1340,META
2017-06-30,151.3146,META
2017-07-03,151.1546,META
2017-07-05,151.1610,META
2017-07-06,151.0913,META
2017-07-07,151.1482,META
2017-07-10,151.1930,META
2017-07-11,151.4077,META
2017-07-12,151.7625,META
2017-07-13,152.1791,META
2017-07-14,152.5275,META
2017-07-17,152.9640,META
2017-07-18,153.8371,META
2017-07-19,154.6120,META
2017-07-20,155.5711,META
2017-07-21,156.5274,META
2017-07-24,157.7765,META
2017-07-25,158.8387,META
2017-07-26,160.0324,META
2017-07-27,161.3833,META
2017-07-28,162.7305,META
2017-07-31,163.7245,META
2017-08-01,164.5037,META
2017-08-02,165.2175,META
2017-08-03,165.8303,META
2017-08-04,166.5335,META
2017-08-07,167.1819,META
2017-08-08,167.6860,META
2017-08-09,168.1588,META
2017-08-10,168.3699,META
2017-08-11,168.5178,META
2017-08-14,168.9067,META
2017-08-15,169.2899,META
2017-08-16,169.2586,META
2017-08-17,168.8647,META
2017-08-18,168.7339,META
2017-08-21,168.5860,META
2017-08-22,168.6102,META
2017-08-23,168.6187,META
2017-08-24,168.4851,META
2017-08-25,168.0827,META
2017-08-28,167.7990,META
2017-08-29,167.5765,META
2017-08-30,167.7556,META
2017-08-31,168.0322,META
2017-09-01,168.1225,META
2017-09-05,168.1026,META
2017-09-06,168.2512,META
2017-09-07,168.6991,META
2017-09-08,168.9508,META
2017-09-11,169.3582,META
2017-09-12,169.5942,META
2017-09-13,169.9028,META
2017-09-14,170.1317,META
2017-09-15,170.5099,META
2017-09-18,170.7069,META
2017-09-19,171.0247,META
2017-09-20,171.1846,META
2017-09-21,171.1235,META
2017-09-22,171.0183,META
2017-09-25,170.4601,META
2017-09-26,169.8999,META
2017-09-27,169.5067,META
2017-09-28,169.3489,META
2017-09-29,169.1612,META
2017-10-02,168.9131,META
2017-10-03,168.6934,META
2017-10-04,168.5128,META
2017-10-05,168.4844,META
2017-10-06,168.6422,META
2017-10-09,168.6408,META
2017-10-10,168.5996,META
2017-10-11,168.7154,META
2017-10-12,168.8583,META
2017-10-13,169.6312,META
2017-10-16,170.3642,META
2017-10-17,170.9635,META
2017-10-18,171.4825,META
2017-10-19,171.7449,META
2017-10-20,172.1366,META
2017-10-23,172.2297,META
2017-10-24,172.4700,META
2017-10-25,172.4245,META
2017-10-26,172.3108,META
2017-10-27,172.6933,META
2017-10-30,173.2820,META
2017-10-31,173.8024,META
2017-11-01,174.5212,META
2017-11-02,174.8895,META
2017-11-03,175.2023,META
2017-11-06,175.4909,META
2017-11-07,175.7910,META
2017-11-08,176.1464,META
2017-11-09,176.4536,META
2017-11-10,176.9648,META
2017-11-13,177.4603,META
2017-11-14,177.9914,META
2017-11-15,178.5118,META
2017-11-16,178.6334,META
2017-11-17,178.5715,META
2017-11-20,178.4777,META
2017-11-21,178.4208,META
2017-11-22,178.5595,META
2017-11-24,178.8339,META
2017-11-27,179.0372,META
2017-11-28,179.1915,META
2017-11-29,178.8765,META
2017-11-30,178.7258,META
2017-12-01,178.4869,META
2017-12-04,177.9679,META
2017-12-05,177.5954,META
2017-12-06,177.4610,META
2017-12-07,177.5001,META
2017-12-08,177.5001,META
2017-12-11,177.5214,META
2017-12-12,177.1731,META
2017-12-13,176.9904,META
2017-12-14,176.6782,META
2017-12-15,176.4756,META
2017-12-18,176.3619,META
2017-12-19,176.6733,META
2017-12-20,176.7237,META
2017-12-21,176.8908,META
2017-12-22,177.2982,META
2017-12-26,177.5229,META
2017-12-27,177.6338,META
2017-12-28,177.4759,META
2017-12-29,177.2954,META
2018-01-02,177.4646,META
2018-01-03,178.0127,META
2018-01-04,178.4414,META
2018-01-05,179.0429,META
2018-01-08,179.6188,META
2018-01-09,180.1200,META
2018-01-10,180.7123,META
2018-01-11,181.4147,META
2018-01-12,181.5512,META
2018-01-16,181.6358,META
2018-01-17,181.7503,META
2018-01-18,181.9053,META
2018-01-19,182.1448,META
2018-01-22,182.7783,META
2018-01-23,183.3421,META
2018-01-24,183.4758,META
2018-01-25,183.6997,META
2018-01-26,183.9237,META
2018-01-29,183.7602,META
2018-01-30,183.7068,META
2018-01-31,183.6393,META
2018-02-01,184.0175,META
2018-02-02,184.7932,META
2018-02-05,184.9972,META
2018-02-06,185.5454,META
2018-02-07,185.5724,META
2018-02-08,184.8821,META
2018-02-09,184.2237,META
2018-02-12,183.3037,META
2018-02-13,182.3510,META
2018-02-14,181.7851,META
2018-02-15,181.0713,META
2018-02-16,180.4584,META
2018-02-20,179.6686,META
2018-02-21,179.0301,META
2018-02-22,178.0277,META
2018-02-23,177.5307,META
2018-02-26,177.7916,META
2018-02-27,177.5179,META
2018-02-28,177.3857,META
2018-03-01,177.6956,META
2018-03-02,177.7319,META
2018-03-05,178.0156,META
2018-03-06,178.4869,META
2018-03-07,178.7848,META
2018-03-08,178.9540,META
2018-03-09,179.5136,META
2018-03-12,180.1357,META
2018-03-13,180.4179,META
2018-03-14,180.7876,META
2018-03-15,180.8281,META
2018-03-16,180.8395,META
2018-03-19,180.2068,META
2018-03-20,179.4837,META
2018-03-21,179.0180,META
2018-03-22,178.1841,META
2018-03-23,176.6903,META
2018-03-26,175.2883,META
2018-03-27,173.0495,META
2018-03-28,170.9656,META
2018-03-29,169.1569,META
2018-04-02,167.0688,META
2018-04-03,165.2367,META
2018-04-04,163.1685,META
2018-04-05,161.4252,META
2018-04-06,159.4423,META
2018-04-09,158.4022,META
2018-04-10,158.1811,META
2018-04-11,157.9628,META
2018-04-12,157.8903,META
2018-04-13,158.2550,META
2018-04-16,158.5941,META
2018-04-17,159.7630,META
2018-04-18,160.7107,META
2018-04-19,161.3015,META
2018-04-20,162.0757,META
2018-04-23,162.7675,META
2018-04-24,163.0938,META
2018-04-25,163.1187,META
2018-04-26,164.3245,META
2018-04-27,165.4379,META
2018-04-30,165.9327,META
2018-05-01,166.4688,META
2018-05-02,167.3362,META
2018-05-03,168.0116,META
2018-05-04,168.8491,META
2018-05-07,169.5110,META
2018-05-08,170.4040,META
2018-05-09,171.4391,META
2018-05-10,172.8078,META
2018-05-11,174.3114,META
2018-05-14,176.2275,META
2018-05-15,177.9786,META
2018-05-16,178.6213,META
2018-05-17,179.3444,META
2018-05-18,180.1037,META
2018-05-21,180.8594,META
2018-05-22,181.4090,META
2018-05-23,182.3247,META
2018-05-24,182.9873,META
2018-05-25,183.4815,META
2018-05-29,183.9663,META
2018-05-30,184.3225,META
2018-05-31,184.7669,META
2018-06-01,185.2646,META
2018-06-04,185.7366,META
2018-06-05,186.3495,META
2018-06-06,186.9282,META
2018-06-07,187.2425,META
2018-06-08,187.6989,META
2018-06-11,188.2001,META
2018-06-12,188.8116,META
2018-06-13,189.2033,META
2018-06-14,189.9768,META
2018-06-15,190.7539,META
2018-06-18,191.6476,META
2018-06-19,192.3458,META
2018-06-20,193.0724,META
2018-06-21,193.6063,META
2018-06-22,194.2078,META
2018-06-25,194.4502,META
2018-06-26,194.9948,META
2018-06-27,195.5394,META
2018-06-28,196.0463,META
2018-06-29,196.2440,META
2018-07-02,196.5966,META
2018-07-03,196.6194,META
2018-07-05,196.7360,META
2018-07-06,197.2607,META
2018-07-09,197.7178,META
2018-07-10,198.1480,META
2018-07-11,198.1863,META
2018-07-12,198.5717,META
2018-07-13,198.9684,META
2018-07-16,199.7419,META
2018-07-17,200.5233,META
2018-07-18,201.4845,META
2018-07-19,202.3277,META
2018-07-20,203.4382,META
2018-07-23,204.4016,META
2018-07-24,205.9615,META
2018-07-25,207.3158,META
2018-07-26,205.3984,META
2018-07-27,203.2761,META
2018-07-30,200.9669,META
2018-07-31,198.8369,META
2018-08-01,196.3293,META
2018-08-02,194.1289,META
2018-08-03,192.0351,META
2018-08-06,190.3074,META
2018-08-07,188.4909,META
2018-08-08,186.8621,META
2018-08-09,184.9532,META
2018-08-10,182.7741,META
2018-08-13,180.3127,META
2018-08-14,177.7255,META
2018-08-15,177.9580,META
2018-08-16,177.9445,META
2018-08-17,178.1393,META
2018-08-20,178.1336,META
2018-08-21,178.2026,META
2018-08-22,178.0085,META
2018-08-23,177.6615,META
2018-08-24,176.8766,META
2018-08-27,176.4251,META
2018-08-28,175.7910,META
2018-08-29,175.2798,META
2018-08-30,175.0935,META
2018-08-31,174.7864,META
2018-09-04,174.0790,META
2018-09-05,173.2009,META
2018-09-06,172.3357,META
2018-09-07,171.5707,META
2018-09-10,170.9792,META
2018-09-11,170.5042,META
2018-09-12,169.6767,META
2018-09-13,168.8562,META
2018-09-14,167.9796,META
2018-09-17,166.7795,META
2018-09-18,165.6448,META
2018-09-19,164.7319,META
2018-09-20,163.9058,META
2018-09-21,162.9957,META
2018-09-24,162.5869,META
2018-09-25,162.4255,META
2018-09-26,162.7398,META
2018-09-27,163.1521,META
2018-09-28,163.1721,META
2018-10-01,162.9232,META
2018-10-02,162.7334,META
2018-10-03,162.8095,META
2018-10-04,162.5628,META
2018-10-05,162.3317,META
2018-10-08,162.1148,META
2018-10-09,161.7480,META
2018-10-10,160.7071,META
2018-10-11,160.0260,META
2018-10-12,159.1963,META
2018-10-15,158.3865,META
2018-10-16,157.8057,META
2018-10-17,157.1360,META
2018-10-18,156.4577,META
2018-10-19,155.8612,META
2018-10-22,155.5377,META
2018-10-23,154.9661,META
2018-10-24,154.0554,META
2018-10-25,153.6018,META
2018-10-26,152.7571,META
2018-10-29,151.6331,META
2018-10-30,151.2662,META
2018-10-31,151.1553,META
2018-11-01,151.0138,META
2018-11-02,150.7885,META
2018-11-05,150.0704,META
2018-11-06,149.3964,META
2018-11-07,149.1554,META
2018-11-08,148.7160,META
2018-11-09,148.0178,META
2018-11-12,147.1050,META
2018-11-13,146.8291,META
2018-11-14,146.3506,META
2018-11-15,146.2426,META
2018-11-16,146.0606,META
2018-11-19,145.0176,META
2018-11-20,143.6411,META
2018-11-21,142.4375,META
2018-11-23,141.1137,META
2018-11-26,140.2392,META
2018-11-27,139.1770,META
2018-11-28,138.1269,META
2018-11-29,137.4735,META
2018-11-30,137.1643,META
2018-12-03,137.1316,META
2018-12-04,136.8308,META
2018-12-06,136.5045,META
2018-12-07,136.0473,META
2018-12-10,136.2123,META
2018-12-11,136.9609,META
2018-12-12,137.8191,META
2018-12-13,138.5435,META
2018-12-14,139.4201,META
2018-12-17,139.6910,META
2018-12-18,140.3067,META
2018-12-19,140.0565,META
2018-12-20,139.6811,META
2018-12-21,138.5677,META
2018-12-24,137.3569,META
2018-12-26,137.0903,META
2018-12-27,136.7270,META
2018-12-28,136.4270,META
2018-12-31,135.6620,META
2019-01-02,135.2070,META
2019-01-03,134.2998,META
2019-01-04,133.7978,META
2019-01-07,133.3705,META
2019-01-08,133.5369,META
2019-01-09,133.5774,META
2019-01-10,134.3567,META
2019-01-11,135.0961,META
2019-01-14,136.5493,META
2019-01-15,138.3189,META
2019-01-16,139.2687,META
2019-01-17,140.2484,META
2019-01-18,141.4457,META
2019-01-22,142.6174,META
2019-01-23,143.2302,META
2019-01-24,144.2320,META
2019-01-25,145.0183,META
2019-01-28,145.6880,META
2019-01-29,145.8060,META
2019-01-30,146.2461,META
2019-01-31,147.8451,META
2019-02-01,149.4028,META
2019-02-04,151.0992,META
2019-02-05,152.6782,META
2019-02-06,154.3099,META
2019-02-07,155.5953,META
2019-02-08,156.8246,META
2019-02-11,158.1199,META
2019-02-12,159.5945,META
2019-02-13,160.8913,META
2019-02-14,161.9535,META
2019-02-15,163.0220,META
2019-02-19,164.3089,META
2019-02-20,165.1720,META
2019-02-21,164.6992,META
2019-02-22,164.4276,META
2019-02-25,164.0984,META
2019-02-26,163.5986,META
2019-02-27,163.0526,META
2019-02-28,162.7021,META
2019-03-01,162.3431,META
2019-03-04,162.4554,META
2019-03-05,162.8976,META
2019-03-06,163.4977,META
2019-03-07,163.8660,META
2019-03-08,164.3707,META
2019-03-11,165.0661,META
2019-03-12,165.7315,META
2019-03-13,166.6792,META
2019-03-14,167.2679,META
2019-03-15,167.3646,META
2019-03-18,167.1044,META
2019-03-19,167.0162,META
2019-03-20,167.2999,META
2019-03-21,167.5701,META
2019-03-22,167.3547,META
2019-03-25,167.0013,META
2019-03-26,166.6579,META
2019-03-27,166.4261,META
2019-03-28,166.1382,META
2019-03-29,165.7557,META
2019-04-01,165.5268,META
2019-04-02,165.5858,META
2019-04-03,165.8254,META
2019-04-04,166.5392,META
2019-04-05,167.6234,META
2019-04-08,168.5732,META
2019-04-09,169.4364,META
2019-04-10,170.2710,META
2019-04-11,171.2074,META
2019-04-12,172.1181,META
2019-04-15,172.9691,META
2019-04-16,173.8934,META
2019-04-17,174.8340,META
2019-04-18,175.6580,META
2019-04-22,176.5638,META
2019-04-23,177.2449,META
2019-04-24,177.8876,META
2019-04-25,179.1133,META
2019-04-26,180.2345,META
2019-04-29,181.6458,META
2019-04-30,182.7705,META
2019-05-01,183.8519,META
2019-05-02,184.9197,META
2019-05-03,186.0836,META
2019-05-06,187.0953,META
2019-05-07,187.8702,META
2019-05-08,188.6352,META
2019-05-09,189.3725,META
2019-05-10,189.8631,META
2019-05-13,189.7038,META
2019-05-14,189.5723,META
2019-05-15,189.0753,META
2019-05-16,188.7554,META
2019-05-17,188.0814,META
2019-05-20,187.3221,META
2019-05-21,186.7384,META
2019-05-22,186.2258,META
2019-05-23,185.1878,META
2019-05-24,184.2763,META
2019-05-28,183.8881,META
2019-05-29,183.3656,META
2019-05-30,182.9646,META
2019-05-31,182.1918,META
2019-06-03,180.9554,META
2019-06-04,180.0148,META
2019-06-05,178.7280,META
2019-06-06,177.4013,META
2019-06-07,176.5517,META
2019-06-10,175.9900,META
2019-06-11,175.5123,META
2019-06-12,174.7814,META
2019-06-13,174.5397,META
2019-06-14,174.5589,META
2019-06-17,174.8930,META
2019-06-18,175.3395,META
2019-06-19,175.6573,META
2019-06-20,176.5147,META
2019-06-21,178.4336,META
2019-06-24,180.2181,META
2019-06-25,181.6877,META
2019-06-26,183.0620,META
2019-06-27,184.2102,META
2019-06-28,185.5027,META
2019-07-01,186.5621,META
2019-07-02,187.9812,META
2019-07-03,189.3839,META
2019-07-05,190.4553,META
2019-07-08,190.9352,META
2019-07-09,191.6988,META
2019-07-10,192.7830,META
2019-07-11,193.6148,META
2019-07-12,194.5910,META
2019-07-15,195.3951,META
2019-07-16,196.4615,META
2019-07-17,197.4668,META
2019-07-18,198.2688,META
2019-07-19,198.6499,META
2019-07-22,199.3125,META
2019-07-23,199.8358,META
2019-07-24,200.3662,META
2019-07-25,200.6726,META
2019-07-26,200.9563,META
2019-07-29,200.7238,META
2019-07-30,200.3192,META
2019-07-31,199.8216,META
2019-08-01,198.9585,META
2019-08-02,197.8998,META
2019-08-05,196.3279,META
2019-08-06,195.0986,META
2019-08-07,193.9874,META
2019-08-08,193.4044,META
2019-08-09,192.3756,META
2019-08-12,191.1677,META
2019-08-13,190.0152,META
2019-08-14,188.5222,META
2019-08-15,187.3022,META
2019-08-16,186.4320,META
2019-08-19,185.6591,META
2019-08-20,184.9183,META
2019-08-21,184.2657,META
2019-08-22,183.7694,META
2019-08-23,183.4864,META
2019-08-26,183.1914,META
2019-08-27,182.9177,META
2019-08-28,182.3205,META
2019-08-29,182.1584,META
2019-08-30,182.1797,META
2019-09-03,181.7488,META
2019-09-04,182.2771,META
2019-09-05,182.8679,META
2019-09-06,183.1374,META
2019-09-09,183.3215,META
2019-09-10,183.4893,META
2019-09-11,183.8405,META
2019-09-12,184.2266,META
2019-09-13,184.8977,META
2019-09-16,185.3143,META
2019-09-17,185.7964,META
2019-09-18,186.2500,META
2019-09-19,186.5749,META
2019-09-20,186.8777,META
2019-09-23,187.1927,META
2019-09-24,186.7761,META
2019-09-25,186.2002,META
2019-09-26,185.6755,META
2019-09-27,184.8465,META
2019-09-30,184.2713,META
2019-10-01,183.3698,META
2019-10-02,182.4548,META
2019-10-03,181.8996,META
2019-10-04,181.4893,META
2019-10-07,180.8921,META
2019-10-08,180.1534,META
2019-10-09,179.4219,META
2019-10-10,178.7180,META
2019-10-11,178.5310,META
2019-10-14,178.6732,META
2019-10-15,179.1062,META
2019-10-16,179.7773,META
2019-10-17,180.7222,META
2019-10-18,181.2746,META
2019-10-21,182.2664,META
2019-10-22,182.8167,META
2019-10-23,183.2980,META
2019-10-24,183.7196,META
2019-10-25,184.3033,META
2019-10-28,185.1316,META
2019-10-29,185.8042,META
2019-10-30,186.3886,META
2019-10-31,186.9190,META
2019-11-01,187.6541,META
2019-11-04,188.0686,META
2019-11-05,188.4077,META
2019-11-06,188.4902,META
2019-11-07,188.8151,META
2019-11-08,188.8919,META
2019-11-11,189.4088,META
2019-11-12,190.0003,META
2019-11-13,190.4845,META
2019-11-14,190.8584,META
2019-11-15,191.2637,META
2019-11-18,191.8389,META
2019-11-19,192.6259,META
2019-11-20,193.0425,META
2019-11-21,193.3489,META
2019-11-22,193.6404,META
2019-11-25,194.0293,META
2019-11-26,194.5569,META
2019-11-27,195.3802,META
2019-11-29,196.1480,META
2019-12-02,196.8654,META
2019-12-03,197.1746,META
2019-12-04,197.5671,META
2019-12-05,198.0086,META
2019-12-06,198.4316,META
2019-12-09,198.7117,META
2019-12-10,198.8219,META
2019-12-11,199.1597,META
2019-12-12,199.0758,META
2019-12-13,198.7409,META
2019-12-16,198.6079,META
2019-12-17,198.5667,META
2019-12-18,198.6023,META
2019-12-19,198.9165,META
2019-12-20,199.3857,META
2019-12-23,199.9090,META
2019-12-24,200.3647,META
2019-12-26,200.9641,META
2019-12-27,201.4653,META
2019-12-30,201.6836,META
2019-12-31,201.9950,META
2020-01-02,202.5296,META
2020-01-03,203.3771,META
2020-01-06,204.6917,META
2020-01-07,205.7681,META
2020-01-08,206.9646,META
2020-01-09,208.0879,META
2020-01-10,208.9411,META
2020-01-13,210.0509,META
2020-01-14,210.9666,META
2020-01-15,212.1063,META
2020-01-16,213.1002,META
2020-01-17,214.0984,META
2020-01-21,215.3092,META
2020-01-22,216.4517,META
2020-01-23,217.1613,META
2020-01-24,217.8203,META
2020-01-27,217.9817,META
2020-01-28,218.3180,META
2020-01-29,218.8875,META
2020-01-30,218.2640,META
2020-01-31,217.1158,META
2020-02-03,215.8559,META
2020-02-04,215.1997,META
2020-02-05,214.4148,META
2020-02-06,213.6384,META
2020-02-07,212.9410,META
2020-02-10,212.3452,META
2020-02-11,211.3406,META
2020-02-12,210.7007,META
2020-02-13,210.3595,META
2020-02-14,210.3104,META
2020-02-18,210.3111,META
2020-02-19,209.9030,META
2020-02-20,210.2621,META
2020-02-21,210.8500,META
2020-02-24,210.6033,META
2020-02-25,209.6748,META
2020-02-26,208.7570,META
2020-02-27,207.2568,META
2020-02-28,205.8449,META
2020-03-02,204.6632,META
2020-03-03,203.1489,META
2020-03-04,201.7980,META
2020-03-05,199.8095,META
2020-03-06,197.4569,META
2020-03-09,194.0229,META
2020-03-10,191.2288,META
2020-03-11,188.0764,META
2020-03-12,184.1156,META
2020-03-13,181.9515,META
2020-03-16,178.3426,META
2020-03-17,174.9456,META
2020-03-18,171.9034,META
2020-03-19,169.1065,META
2020-03-20,165.7856,META
2020-03-23,163.0988,META
2020-03-24,160.9105,META
2020-03-25,158.8515,META
2020-03-26,157.5896,META
2020-03-27,156.6859,META
2020-03-30,155.8157,META
2020-03-31,155.5711,META
2020-04-01,155.9359,META
2020-04-02,155.0763,META
2020-04-03,155.6572,META
2020-04-06,156.8039,META
2020-04-07,158.3588,META
2020-04-08,159.8625,META
2020-04-09,161.6726,META
2020-04-13,163.5702,META
2020-04-14,164.7923,META
2020-04-15,166.2683,META
2020-04-16,167.1862,META
2020-04-17,168.7823,META
2020-04-20,169.6560,META
2020-04-21,169.9404,META
2020-04-22,171.5529,META
2020-04-23,173.4682,META
2020-04-24,176.0199,META
2020-04-27,177.5805,META
2020-04-28,178.5815,META
2020-04-29,179.9970,META
2020-04-30,182.0958,META
2020-05-01,184.0495,META
2020-05-04,185.9755,META
2020-05-05,188.1155,META
2020-05-06,190.4063,META
2020-05-07,192.6828,META
2020-05-08,195.1079,META
2020-05-11,198.1209,META
2020-05-12,200.0988,META
2020-05-13,201.5186,META
2020-05-14,202.7088,META
2020-05-15,204.3710,META
2020-05-18,206.5238,META
2020-05-19,208.1370,META
2020-05-20,209.9329,META
2020-05-21,212.0032,META
2020-05-22,214.1112,META
2020-05-26,215.8979,META
2020-05-27,217.3675,META
2020-05-28,218.3770,META
2020-05-29,219.2828,META
2020-06-01,220.6144,META
2020-06-02,222.2226,META
2020-06-03,224.0043,META
2020-06-04,225.3893,META
2020-06-05,226.8034,META
2020-06-08,228.0980,META
2020-06-09,229.6472,META
2020-06-10,230.1278,META
2020-06-11,229.6330,META
2020-06-12,229.1830,META
2020-06-15,229.2043,META
2020-06-16,229.6671,META
2020-06-17,230.3831,META
2020-06-18,231.1545,META
2020-06-19,231.6436,META
2020-06-22,232.1058,META
2020-06-23,232.9646,META
2020-06-24,233.5142,META
2020-06-25,233.8633,META
2020-06-26,232.7741,META
2020-06-29,231.4922,META
2020-06-30,230.8054,META
2020-07-01,231.7382,META
2020-07-02,232.0823,META
2020-07-06,232.6354,META
2020-07-07,233.0058,META
2020-07-08,233.5782,META
2020-07-09,234.1867,META
2020-07-10,234.6332,META
2020-07-13,234.6176,META
2020-07-14,234.4391,META
2020-07-15,234.8842,META
2020-07-16,235.2575,META
2020-07-17,237.1024,META
2020-07-20,238.8642,META
2020-07-21,239.9079,META
2020-07-22,240.0728,META
2020-07-23,240.0145,META
2020-07-24,239.3341,META
2020-07-27,238.8109,META
2020-07-28,237.8539,META
2020-07-29,237.0569,META
2020-07-30,236.3054,META
2020-07-31,237.3484,META
2020-08-03,238.2179,META
2020-08-04,238.8969,META
2020-08-05,239.4792,META
2020-08-06,241.1322,META
2020-08-07,242.7688,META
2020-08-10,244.2796,META
2020-08-11,245.4356,META
2020-08-12,247.3758,META
2020-08-13,249.5507,META
2020-08-14,251.5229,META
2020-08-17,253.7297,META
2020-08-18,255.7951,META
2020-08-19,257.7922,META
2020-08-20,258.8828,META
2020-08-21,259.9528,META
2020-08-24,261.4856,META
2020-08-25,263.7394,META
2020-08-26,266.4859,META
2020-08-27,268.2476,META
2020-08-28,270.4274,META
2020-08-31,273.0630,META
2020-09-01,275.5905,META
2020-09-02,278.5196,META
2020-09-03,280.6440,META
2020-09-04,282.1776,META
2020-09-08,282.8046,META
2020-09-09,283.5959,META
2020-09-10,283.5305,META
2020-09-11,283.5021,META
2020-09-14,283.1295,META
2020-09-15,282.5323,META
2020-09-16,279.6607,META
2020-09-17,276.9306,META
2020-09-18,274.0064,META
2020-09-21,270.8036,META
2020-09-22,267.9106,META
2020-09-23,264.1084,META
2020-09-24,261.1515,META
2020-09-25,259.1672,META
2020-09-28,258.1477,META
2020-09-29,257.2995,META
2020-09-30,256.8594,META
2020-10-01,256.8608,META
2020-10-02,256.4193,META
2020-10-05,255.8669,META
2020-10-06,255.5214,META
2020-10-07,255.7560,META
2020-10-08,256.5544,META
2020-10-09,257.7133,META
2020-10-12,259.2063,META
2020-10-13,261.1344,META
2020-10-14,262.7192,META
2020-10-15,263.5652,META
2020-10-16,264.2129,META
2020-10-19,264.1852,META
2020-10-20,264.5876,META
2020-10-21,265.4479,META
2020-10-22,266.7404,META
2020-10-23,268.1723,META
2020-10-26,269.4840,META
2020-10-27,271.2735,META
2020-10-28,271.5515,META
2020-10-29,272.7160,META
2020-10-30,271.8174,META
2020-11-02,270.7666,META
2020-11-03,270.3030,META
2020-11-04,271.7719,META
2020-11-05,273.8159,META
2020-11-06,276.0917,META
2020-11-09,276.8887,META
2020-11-10,276.4408,META
2020-11-11,276.3242,META
2020-11-12,275.6338,META
2020-11-13,275.6225,META
2020-11-16,275.3146,META
2020-11-17,275.8358,META
2020-11-18,275.2058,META
2020-11-19,275.9047,META
2020-11-20,276.4977,META
2020-11-23,276.7202,META
2020-11-24,275.9765,META
2020-11-25,274.6193,META
2020-11-27,273.5102,META
2020-11-30,273.3822,META
2020-12-01,274.3861,META
2020-12-02,275.1710,META
2020-12-03,275.6523,META
2020-12-04,275.8478,META
2020-12-07,276.3185,META
2020-12-08,276.9157,META
2020-12-09,277.3387,META
2020-12-10,277.6359,META
2020-12-11,277.9096,META
2020-12-14,278.3192,META
2020-12-15,278.2218,META
2020-12-16,278.2274,META
2020-12-17,277.9907,META
2020-12-18,277.9502,META
2020-12-21,276.9719,META
2020-12-22,275.5194,META
2020-12-23,274.5425,META
2020-12-24,273.6680,META
2020-12-28,273.0580,META
2020-12-29,272.5874,META
2020-12-30,272.1572,META
2020-12-31,271.8757,META
2021-01-04,271.5479,META
2021-01-05,271.3190,META
2021-01-06,270.4488,META
2021-01-07,269.9561,META
2021-01-08,269.4648,META
2021-01-11,268.0742,META
2021-01-12,266.5314,META
2021-01-13,265.4329,META
2021-01-14,263.8354,META
2021-01-15,262.6950,META
2021-01-19,261.5646,META
2021-01-20,260.9034,META
2021-01-21,260.9745,META
2021-01-22,261.0697,META
2021-01-25,261.7146,META
2021-01-26,262.5023,META
2021-01-27,263.1301,META
2021-01-28,262.8642,META
2021-01-29,262.2073,META
2021-02-01,262.5748,META
2021-02-02,263.7117,META
2021-02-03,264.7788,META
2021-02-04,266.2612,META
2021-02-05,267.4514,META
2021-02-08,267.8410,META
2021-02-09,267.9810,META
2021-02-10,267.9099,META
2021-02-11,267.6177,META
2021-02-12,267.0838,META
2021-02-16,266.5093,META
2021-02-17,266.6110,META
2021-02-18,266.9231,META
2021-02-19,267.1527,META
2021-02-22,267.0333,META
2021-02-23,266.9462,META
2021-02-24,266.7798,META
2021-02-25,265.9409,META
2021-02-26,265.1958,META
2021-03-01,265.0771,META
2021-03-02,264.3341,META
2021-03-03,263.1639,META
2021-03-04,262.2574,META
2021-03-05,261.8152,META
2021-03-08,260.4885,META
2021-03-09,259.9318,META
2021-03-10,259.6126,META
2021-03-11,260.4885,META
2021-03-12,261.0623,META
2021-03-15,261.6236,META
2021-03-16,262.6879,META
2021-03-17,264.7724,META
2021-03-18,266.2655,META
2021-03-19,268.0571,META
2021-03-22,270.5128,META
2021-03-23,273.0168,META
2021-03-24,274.7586,META
2021-03-25,275.7867,META
2021-03-26,277.7568,META
2021-03-29,279.5399,META
2021-03-30,281.1822,META
2021-03-31,282.6504,META
2021-04-01,284.8017,META
2021-04-05,287.3015,META
2021-04-06,289.2197,META
2021-04-07,291.2871,META
2021-04-08,293.7329,META
2021-04-09,295.3219,META
2021-04-12,296.6016,META
2021-04-13,297.9617,META
2021-04-14,299.4320,META
2021-04-15,301.4994,META
2021-04-16,303.1460,META
2021-04-19,303.9580,META
2021-04-20,304.9995,META
2021-04-21,305.4929,META
2021-04-22,305.3408,META
2021-04-23,304.7877,META
2021-04-26,304.5587,META
2021-04-27,303.8819,META
2021-04-28,303.4610,META
2021-04-29,304.6732,META
2021-04-30,305.6358,META
2021-05-03,306.5473,META
2021-05-04,307.6521,META
2021-05-05,308.1640,META
2021-05-06,309.1480,META
2021-05-07,310.3453,META
2021-05-10,310.5813,META
2021-05-11,310.9411,META
2021-05-12,311.3698,META
2021-05-13,311.6634,META
2021-05-14,312.5805,META
2021-05-17,313.4259,META
2021-05-18,313.6292,META
2021-05-19,312.4974,META
2021-05-20,312.0374,META
2021-05-21,311.5859,META
2021-05-24,312.0317,META
2021-05-25,312.9396,META
2021-05-26,313.4828,META
2021-05-27,314.4546,META
2021-05-28,316.0728,META
2021-06-01,317.6796,META
2021-06-02,319.5707,META
2021-06-03,321.0481,META
2021-06-04,322.0726,META
2021-06-07,323.5742,META
2021-06-08,325.2606,META
2021-06-09,326.4451,META
2021-06-10,327.4297,META
2021-06-11,328.4983,META
2021-06-14,329.3614,META
2021-06-15,329.9985,META
2021-06-16,330.2416,META
2021-06-17,330.5089,META
2021-06-18,330.5751,META
2021-06-21,330.7997,META
2021-06-22,331.5021,META
2021-06-23,332.5366,META
2021-06-24,333.4488,META
2021-06-25,333.7893,META
2021-06-28,335.3506,META
2021-06-29,336.8891,META
2021-06-30,337.9733,META
2021-07-01,339.6178,META
2021-07-02,340.8926,META
2021-07-06,342.0322,META
2021-07-07,343.4122,META
2021-07-08,344.0620,META
2021-07-09,345.5380,META
2021-07-12,347.0218,META
2021-07-13,347.9503,META
2021-07-14,348.4508,META
2021-07-15,348.5418,META
2021-07-16,348.5269,META
2021-07-19,347.1981,META
2021-07-20,346.4708,META
2021-07-21,346.3656,META
2021-07-22,346.1381,META
2021-07-23,347.2109,META
2021-07-26,348.6101,META
2021-07-27,349.8415,META
2021-07-28,351.8059,META
2021-07-29,352.3675,META
2021-07-30,352.5908,META
2021-08-02,352.5808,META
2021-08-03,352.8375,META
2021-08-04,353.8655,META
2021-08-05,355.4162,META
2021-08-06,357.3045,META
2021-08-09,358.7228,META
2021-08-10,359.7822,META
2021-08-11,360.4057,META
2021-08-12,359.8981,META
2021-08-13,359.2383,META
2021-08-16,359.1494,META
2021-08-17,358.0951,META
2021-08-18,357.8910,META
2021-08-19,357.8071,META
2021-08-20,358.3347,META
2021-08-23,359.1956,META
2021-08-24,359.6642,META
2021-08-25,360.0495,META
2021-08-26,360.1114,META
2021-08-27,360.8948,META
2021-08-30,362.2834,META
2021-08-31,363.6641,META
2021-09-01,365.0433,META
2021-09-02,365.9036,META
2021-09-03,366.5932,META
2021-09-07,368.2803,META
2021-09-08,369.8530,META
2021-09-09,371.4797,META
2021-09-10,372.8533,META
2021-09-13,373.7889,META
2021-09-14,374.5724,META
2021-09-15,374.9655,META
2021-09-16,375.5827,META
2021-09-17,375.0203,META
2021-09-20,373.2457,META
2021-09-21,371.6887,META
2021-09-22,368.9273,META
2021-09-23,366.8428,META
2021-09-24,365.1862,META
2021-09-27,363.1529,META
2021-09-28,360.5280,META
2021-09-29,357.7986,META
2021-09-30,355.0045,META
2021-10-01,352.6228,META
2021-10-04,349.0466,META
2021-10-05,346.1345,META
2021-10-06,343.3319,META
2021-10-07,340.8080,META
2021-10-08,338.9843,META
2021-10-11,336.7071,META
2021-10-12,335.3250,META
2021-10-13,333.8021,META
2021-10-14,332.0652,META
2021-10-15,330.0162,META
2021-10-18,329.6387,META
2021-10-19,329.6657,META
2021-10-20,329.7646,META
2021-10-21,329.6842,META
2021-10-22,329.5690,META
2021-10-25,329.2655,META
2021-10-26,327.9978,META
2021-10-27,326.7892,META
2021-10-28,325.8557,META
2021-10-29,325.7220,META
2021-11-01,326.1635,META
2021-11-02,326.4152,META
2021-11-03,326.6349,META
2021-11-04,327.4233,META
2021-11-05,327.8350,META
2021-11-08,327.7376,META
2021-11-09,327.3530,META
2021-11-10,326.3405,META
2021-11-11,326.5631,META
2021-11-12,327.4305,META
2021-11-15,329.6878,META
2021-11-16,331.8733,META
2021-11-17,333.5689,META
2021-11-18,334.6439,META
2021-11-19,335.7331,META
2021-11-22,336.6524,META
2021-11-23,337.0526,META
2021-11-24,337.4231,META
2021-11-26,336.8536,META
2021-11-29,336.8116,META
2021-11-30,336.0360,META
2021-12-01,334.8245,META
2021-12-02,333.5910,META
2021-12-03,331.1701,META
2021-12-06,329.0593,META
2021-12-07,327.6267,META
2021-12-08,326.9008,META
2021-12-09,326.2702,META
2021-12-10,325.1646,META
2021-12-13,324.7011,META
2021-12-14,324.4515,META
2021-12-15,324.4942,META
2021-12-16,324.6207,META
2021-12-17,324.3193,META
2021-12-20,324.3897,META
2021-12-21,326.0675,META
2021-12-22,327.4937,META
2021-12-23,329.5129,META
2021-12-27,331.5256,META
2021-12-28,333.1900,META
2021-12-29,334.0702,META
2021-12-30,335.1039,META
2021-12-31,335.5731,META
2022-01-03,335.8611,META
2022-01-04,336.0594,META
2022-01-05,334.8160,META
2022-01-06,334.6425,META
2022-01-07,334.5003,META
2022-01-10,334.6866,META
2022-01-11,334.6986,META
2022-01-12,334.8984,META
2022-01-13,334.2756,META
2022-01-14,333.2604,META
2022-01-18,331.2647,META
2022-01-19,329.6046,META
2022-01-20,327.6281,META
2022-01-21,325.2691,META
2022-01-24,323.1483,META
2022-01-25,320.5618,META
2022-01-26,318.4616,META
2022-01-27,315.7728,META
2022-01-28,313.6342,META
2022-01-31,312.5812,META
2022-02-01,311.4885,META
2022-02-02,310.7590,META
2022-02-03,304.4514,META
2022-02-04,297.7107,META
2022-02-07,291.0817,META
2022-02-08,284.0140,META
2022-02-09,278.0021,META
2022-02-10,272.6627,META
2022-02-11,266.3238,META
2022-02-14,260.4619,META
2022-02-15,255.2270,META
2022-02-16,249.6744,META
2022-02-17,242.9913,META
2022-02-18,235.3769,META
2022-02-22,227.0643,META
2022-02-23,218.2092,META
2022-02-24,216.0650,META
2022-02-25,214.1731,META
2022-02-28,213.1863,META
2022-03-01,211.9997,META
2022-03-02,210.3012,META
2022-03-03,208.5167,META
2022-03-04,207.1310,META
2022-03-07,204.9817,META
2022-03-08,202.7984,META
2022-03-09,201.5158,META
2022-03-10,200.6271,META
2022-03-11,199.3082,META
2022-03-14,198.2098,META
2022-03-15,197.7534,META
2022-03-16,197.4711,META
2022-03-17,197.2834,META
2022-03-18,197.6716,META
2022-03-21,198.2404,META
2022-03-22,198.8475,META
2022-03-23,199.5933,META
2022-03-24,200.9804,META
2022-03-25,203.4226,META
2022-03-28,205.7901,META
2022-03-29,208.0197,META
2022-03-30,210.3403,META
2022-03-31,212.8109,META
2022-04-01,215.5282,META
2022-04-04,218.5043,META
2022-04-05,220.5099,META
2022-04-06,221.6091,META
2022-04-07,222.0684,META
2022-04-08,222.8390,META
2022-04-11,222.8255,META
2022-04-12,222.8739,META
2022-04-13,222.5483,META
2022-04-14,221.7207,META
2022-04-18,220.8092,META
2022-04-19,219.9170,META
2022-04-20,217.9668,META
2022-04-21,215.5289,META
2022-04-22,212.6324,META
2022-04-25,209.2980,META
2022-04-26,205.6799,META
2022-04-27,202.2424,META
2022-04-28,201.0181,META
2022-04-29,199.4639,META
2022-05-02,199.0850,META
2022-05-03,198.9350,META
2022-05-04,199.5336,META
2022-05-05,199.3985,META
2022-05-06,198.9009,META
2022-05-09,197.4007,META
2022-05-10,197.2038,META
2022-05-11,197.2514,META
2022-05-12,197.7583,META
2022-05-13,198.5852,META
2022-05-16,199.9424,META
2022-05-17,201.9097,META
2022-05-18,200.9506,META
2022-05-19,200.2979,META
2022-05-20,199.0473,META
2022-05-23,197.9240,META
2022-05-24,194.9287,META
2022-05-25,193.1904,META
2022-05-26,192.3273,META
2022-05-27,192.2505,META
2022-05-31,191.9654,META
2022-06-01,191.9583,META
2022-06-02,192.5000,META
2022-06-03,191.9427,META
2022-06-06,191.5310,META
2022-06-07,191.0355,META
2022-06-08,191.3483,META
2022-06-09,190.8300,META
2022-06-10,189.5524,META
2022-06-13,187.2794,META
2022-06-14,186.0317,META
2022-06-15,185.0022,META
2022-06-16,182.8153,META
2022-06-17,180.5836,META
2022-06-21,177.9822,META
2022-06-22,175.6509,META
2022-06-23,172.7992,META
2022-06-24,171.3332,META
2022-06-27,169.5729,META
2022-06-28,167.0866,META
2022-06-29,164.7618,META
2022-06-30,163.1443,META
2022-07-01,162.0395,META
2022-07-05,162.3189,META
2022-07-06,162.7483,META
2022-07-07,162.9502,META
2022-07-08,163.6619,META
2022-07-11,163.6008,META
2022-07-12,164.0430,META
2022-07-13,164.5862,META
2022-07-14,164.5364,META
2022-07-15,164.1482,META
2022-07-18,163.9875,META
2022-07-19,165.0611,META
2022-07-20,166.4226,META
2022-07-21,167.9810,META
2022-07-22,168.6379,META
2022-07-25,168.5285,META
2022-07-26,167.7734,META
2022-07-27,167.5879,META
2022-07-28,166.8655,META
2022-07-29,166.5968,META
2022-08-01,166.3593,META
2022-08-02,166.1247,META
2022-08-03,166.8890,META
2022-08-04,167.3063,META
2022-08-05,167.2978,META
2022-08-08,166.9046,META
2022-08-09,165.8694,META
2022-08-10,165.5261,META
2022-08-11,166.1105,META
2022-08-12,167.0952,META
2022-08-15,168.6408,META
2022-08-16,169.3439,META
2022-08-17,170.3485,META
2022-08-18,171.4548,META
2022-08-19,172.0257,META
2022-08-22,172.2290,META
2022-08-23,171.6823,META
2022-08-24,171.1626,META
2022-08-25,171.2813,META
2022-08-26,170.6791,META
2022-08-29,170.0137,META
2022-08-30,168.5078,META
2022-08-31,167.4727,META
2022-09-01,166.3963,META
2022-09-02,164.9338,META
2022-09-06,163.4458,META
2022-09-07,162.4177,META
2022-09-08,161.5219,META
2022-09-09,161.6065,META
2022-09-12,162.0267,META
2022-09-13,161.4593,META
2022-09-14,160.6211,META
2022-09-15,159.2539,META
2022-09-16,158.1526,META
2022-09-19,157.3599,META
2022-09-20,156.5729,META
2022-09-21,155.0934,META
2022-09-22,153.4908,META
2022-09-23,152.0753,META
2022-09-26,150.4991,META
2022-09-27,148.6513,META
2022-09-28,147.1974,META
2022-09-29,144.8697,META
2022-09-30,142.5036,META
2022-10-03,141.4713,META
2022-10-04,140.6757,META
2022-10-05,139.9242,META
2022-10-06,139.4109,META
2022-10-07,138.3750,META
2022-10-10,137.5005,META
2022-10-11,136.5351,META
2022-10-12,135.4459,META
2022-10-13,134.7264,META
2022-10-14,134.0431,META
2022-10-17,134.0175,META
2022-10-18,133.3912,META
2022-10-19,133.1651,META
2022-10-20,132.8700,META
2022-10-21,132.2586,META
2022-10-24,131.5078,META
2022-10-25,131.4033,META
2022-10-26,130.7457,META
2022-10-27,128.2210,META
2022-10-28,125.7618,META
2022-10-31,123.2464,META
2022-11-01,120.9500,META
2022-11-02,118.1239,META
2022-11-03,115.4329,META
2022-11-04,112.3580,META
2022-11-07,109.7928,META
2022-11-08,107.1793,META
2022-11-09,105.0422,META
2022-11-10,103.7525,META
2022-11-11,102.5652,META
2022-11-14,100.9093,META
2022-11-15,100.0036,META
2022-11-16,101.0906,META
2022-11-17,101.9616,META
2022-11-18,103.3046,META
2022-11-21,104.3468,META
2022-11-22,105.8328,META
2022-11-23,107.4914,META
2022-11-25,108.9574,META
2022-11-28,109.8149,META
2022-11-29,110.7384,META
2022-11-30,111.9207,META
2022-12-01,112.5300,META
2022-12-02,113.2744,META
2022-12-05,113.8581,META
2022-12-06,113.6477,META
2022-12-07,113.6974,META
2022-12-08,113.9733,META
2022-12-09,114.2470,META
2022-12-12,114.5918,META
2022-12-13,115.2111,META
2022-12-14,115.8758,META
2022-12-15,116.2128,META
2022-12-16,116.9700,META
2022-12-19,117.3269,META
2022-12-20,117.2551,META
2022-12-21,117.2068,META
2022-12-22,116.7539,META
2022-12-23,116.4418,META
2022-12-27,116.6380,META
2022-12-28,116.7582,META
2022-12-29,117.1087,META
2022-12-30,117.4243,META
2023-01-03,118.1374,META
2023-01-04,118.6507,META
2023-01-05,119.0311,META
2023-01-06,120.0172,META
2023-01-09,120.7310,META
2023-01-10,122.0470,META
2023-01-11,123.1703,META
2023-01-12,124.3754,META
2023-01-13,125.7874,META
2023-01-17,127.0188,META
2023-01-18,128.1663,META
2023-01-19,129.6259,META
2023-01-20,130.9846,META
2023-01-23,132.6148,META
2023-01-24,133.9230,META
2023-01-25,134.9276,META
2023-01-26,136.3751,META
2023-01-27,137.9193,META
2023-01-30,139.1699,META
2023-01-31,140.3060,META
2023-02-01,141.7443,META
2023-02-02,145.4456,META
2023-02-03,148.9684,META
2023-02-06,152.5730,META
2023-02-07,156.7392,META
2023-02-08,160.1007,META
2023-02-09,162.8415,META
2023-02-10,165.0369,META
2023-02-13,167.6170,META
2023-02-14,170.3172,META
2023-02-15,172.4402,META
2023-02-16,173.9119,META
2023-02-17,175.7476,META
2023-02-21,177.3906,META
2023-02-22,178.6704,META
2023-02-23,177.4809,META
2023-02-24,176.3334,META
2023-02-27,175.1589,META
2023-02-28,173.9730,META
2023-03-01,173.2613,META
2023-03-02,173.0203,META
2023-03-03,173.8095,META
2023-03-06,174.1984,META
2023-03-07,174.5560,META
2023-03-08,175.1113,META
2023-03-09,175.7689,META
2023-03-10,176.2403,META
2023-03-13,176.8674,META
2023-03-14,178.4955,META
2023-03-15,180.3234,META
2023-03-16,182.7790,META
2023-03-17,184.6325,META
2023-03-20,186.2585,META
2023-03-21,188.3018,META
2023-03-22,190.0991,META
2023-03-23,191.4521,META
2023-03-24,192.9529,META
2023-03-27,194.2561,META
2023-03-28,195.3731,META
2023-03-29,197.0552,META
2023-03-30,199.0694,META
2023-03-31,201.2762,META
2023-04-03,202.6306,META
2023-04-04,203.8371,META
2023-04-05,204.3028,META
2023-04-06,205.7595,META
2023-04-10,206.9639,META
2023-04-11,207.7950,META
2023-04-12,208.8039,META
2023-04-13,209.9464,META
2023-04-14,211.0470,META
2023-04-17,212.1859,META
2023-04-18,213.4095,META
2023-04-19,214.1454,META
2023-04-20,214.5172,META
2023-04-21,214.5847,META
2023-04-24,214.5648,META
2023-04-25,214.0551,META
2023-04-26,213.9072,META
2023-04-27,215.5040,META
2023-04-28,217.3220,META
2023-05-01,219.4072,META
2023-05-02,221.2017,META
2023-05-03,222.3876,META
2023-05-04,223.2429,META
2023-05-05,224.2325,META
2023-05-08,225.3260,META
2023-05-09,226.5823,META
2023-05-10,228.0049,META
2023-05-11,229.6330,META
2023-05-12,231.1275,META
2023-05-15,233.3535,META
2023-05-16,235.4452,META
2023-05-17,235.7242,META
2023-05-18,236.1885,META
2023-05-19,236.3634,META
2023-05-22,237.0089,META
2023-05-23,237.6993,META
2023-05-24,238.8148,META
2023-05-25,240.2303,META
2023-05-26,242.2757,META
2023-05-30,244.3482,META
2023-05-31,246.5977,META
2023-06-01,249.2155,META
2023-06-02,251.9740,META
2023-06-05,254.2868,META
2023-06-06,256.5832,META
2023-06-07,258.0844,META
2023-06-08,259.3449,META
2023-06-09,260.7178,META
2023-06-12,262.3338,META
2023-06-13,264.0814,META
2023-06-14,265.7976,META
2023-06-15,267.8694,META
2023-06-16,269.2174,META
2023-06-20,270.7680,META
2023-06-21,271.9710,META
2023-06-22,272.8433,META
2023-06-23,273.9894,META
2023-06-26,274.4927,META
2023-06-27,275.6253,META
2023-06-28,277.1674,META
2023-06-29,278.3725,META
2023-06-30,279.9387,META
2023-07-03,281.0030,META
2023-07-05,282.6418,META
2023-07-06,283.9671,META
2023-07-07,284.5856,META
2023-07-10,285.5170,META
2023-07-11,286.5095,META
2023-07-12,288.4788,META
2023-07-13,290.5072,META
2023-07-14,291.9391,META
2023-07-17,294.2249,META
2023-07-18,296.0023,META
2023-07-19,298.1863,META
2023-07-20,299.6787,META
2023-07-21,300.1962,META
2023-07-24,300.5937,META
2023-07-25,300.6008,META
2023-07-26,301.0686,META
2023-07-27,302.5744,META
2023-07-28,304.8054,META
2023-07-31,306.2494,META
2023-08-01,307.2000,META
2023-08-02,307.2639,META
2023-08-03,307.5711,META
2023-08-04,307.5789,META
2023-08-07,307.8995,META
2023-08-08,307.6600,META
2023-08-09,307.8512,META
2023-08-10,308.6674,META
2023-08-11,309.3805,META
2023-08-14,310.2137,META
2023-08-15,310.4540,META
2023-08-16,309.2155,META
2023-08-17,306.3440,META
2023-08-18,303.8307,META
2023-08-21,301.4980,META
2023-08-22,299.5990,META
2023-08-23,298.2518,META
2023-08-24,296.5469,META
2023-08-25,294.3386,META
2023-08-28,292.7475,META
2023-08-29,292.2342,META
2023-08-30,291.4777,META
2023-08-31,291.0689,META
2023-09-01,290.3714,META
2023-09-05,290.2435,META
2023-09-06,290.5904,META
2023-09-07,291.5559,META
2023-09-08,292.5967,META
2023-09-11,293.8523,META
2023-09-12,294.8519,META
2023-09-13,295.6212,META
2023-09-14,297.3965,META
2023-09-15,298.4494,META
2023-09-18,299.3232,META
2023-09-19,299.8265,META
2023-09-20,300.1515,META
2023-09-21,300.1401,META
2023-09-22,300.3320,META
2023-09-25,300.3804,META
2023-09-26,300.3655,META
2023-09-27,300.2993,META
2023-09-28,300.7309,META
2023-09-29,300.2083,META
2023-10-02,300.5752,META
2023-10-03,300.2823,META
2023-10-04,299.8457,META
2023-10-05,300.1643,META
2023-10-06,301.0800,META
2023-10-09,302.0248,META
2023-10-10,303.6011,META
2023-10-11,305.8825,META
2023-10-12,307.6656,META
2023-10-13,308.6510,META
2023-10-16,310.2287,META
2023-10-17,312.0957,META
2023-10-18,313.0206,META
2023-10-19,313.9164,META
2023-10-20,314.0465,META
2023-10-23,314.9758,META
2023-10-24,315.4713,META
2023-10-25,315.0974,META
2023-10-26,313.1721,META
2023-10-27,311.6342,META
2023-10-30,310.2706,META
2023-10-31,308.3830,META
2023-11-01,307.5078,META
2023-11-02,307.2362,META
2023-11-03,306.7705,META
2023-11-06,306.1875,META
2023-11-07,306.3191,META
2023-11-08,306.8146,META
2023-11-09,307.6607,META
2023-11-10,308.7100,META
2023-11-13,309.8931,META
2023-11-14,312.5080,META
2023-11-15,315.6619,META
2023-11-16,318.3251,META
2023-11-17,320.6272,META
2023-11-20,323.3787,META
2023-11-21,325.1653,META
2023-11-22,327.3423,META
2023-11-24,329.0223,META
2023-11-27,330.3660,META
2023-11-28,331.8000,META
2023-11-29,332.6831,META
2023-11-30,333.1523,META
2023-12-01,332.8715,META
2023-12-04,332.2195,META
2023-12-05,330.9384,META
2023-12-06,329.8534,META
2023-12-07,329.3131,META
2023-12-08,329.1503,META
2023-12-11,328.1059,META
2023-12-12,327.9096,META
2023-12-13,327.4297,META
2023-12-14,327.0700,META
2023-12-15,327.0856,META
2023-12-18,327.4859,META
2023-12-19,328.7770,META
2023-12-20,330.3504,META
2023-12-21,332.4314,META
2023-12-22,334.8039,META
2023-12-26,337.4017,META
2023-12-27,340.2726,META
2023-12-28,342.5285,META
2023-12-29,344.0365,META
2024-01-02,345.5302,META
2024-01-03,346.2589,META
2024-01-04,347.1391,META
2024-01-05,348.4743,META
2024-01-08,350.1621,META
2024-01-09,351.0729,META
2024-01-10,352.5026,META
2024-01-11,353.9523,META
2024-01-12,355.4026,META
2024-01-16,356.4030,META
2024-01-17,357.3656,META
2024-01-18,358.6667,META
2024-01-19,360.4533,META
2024-01-22,362.4312,META
2024-01-23,365.1976,META
2024-01-24,368.4844,META
2024-01-25,371.7591,META
2024-01-26,374.7587,META
2024-01-29,377.7703,META
2024-01-30,380.8011,META
2024-01-31,382.1996,META
2024-02-01,383.9848,META
2024-02-02,391.1300,META
2024-02-05,397.6674,META
2024-02-06,403.8065,META
2024-02-07,410.4512,META
2024-02-08,416.6046,META
2024-02-09,422.7424,META
2024-02-12,428.6931,META
2024-02-13,433.6286,META
2024-02-14,439.3235,META
2024-02-15,445.7143,META
2024-02-16,450.8546,META
2024-02-20,455.9515,META
2024-02-21,461.5248,META
2024-02-22,468.0563,META
2024-02-23,468.7358,META
2024-02-26,470.3600,META
2024-02-27,472.6955,META
2024-02-28,473.7582,META
2024-02-29,475.2266,META
2024-03-01,477.6956,META
2024-03-04,479.8158,META
2024-03-05,481.9931,META
2024-03-06,483.6524,META
2024-03-07,485.6934,META
2024-03-08,488.0517,META
2024-03-11,488.9302,META
2024-03-12,491.1878,META
2024-03-13,491.8597,META
2024-03-14,492.4148,META
2024-03-15,492.5828,META
2024-03-18,493.2895,META
2024-03-19,494.1593,META
2024-03-20,495.2546,META
2024-03-21,495.6432,META
2024-03-22,496.4539,META
2024-03-25,497.3649,META
2024-03-26,497.3506,META
2024-03-27,496.0461,META
2024-03-28,494.5963,META
2024-04-01,495.1486,META
2024-04-02,494.9792,META
2024-04-03,495.7742,META
2024-04-04,497.1329,META
2024-04-05,500.2104,META
2024-04-08,501.7954,META
2024-04-09,503.2658,META
2024-04-10,504.2843,META
2024-04-11,505.3803,META
2024-04-12,505.5454,META
2024-04-15,505.3469,META
2024-04-16,505.6223,META
2024-04-17,505.6444,META
2024-04-18,506.7988,META
2024-04-19,506.0671,META
2024-04-22,504.9540,META
2024-04-23,504.1967,META
2024-04-24,502.9569,META
2024-04-25,496.8389,META
2024-04-26,491.4327,META
2024-04-29,485.4342,META
2024-04-30,479.0529,META
2024-05-01,473.0766,META
2024-05-02,468.0789,META
2024-05-03,464.6434,META
2024-05-06,462.2178,META
2024-05-07,460.3723,META
2024-05-08,458.2941,META
2024-05-09,457.8920,META
2024-05-10,457.4984,META
2024-05-13,455.4991,META
2024-05-14,453.9583,META
2024-05-15,456.8165,META
2024-05-16,458.9474,META
2024-05-17,461.7438,META
2024-05-20,464.4960,META
2024-05-21,466.3067,META
2024-05-22,468.1643,META
2024-05-23,469.1479,META
2024-05-24,470.0404,META
2024-05-28,470.8717,META
2024-05-29,470.9969,META
2024-05-30,470.4012,META
2024-05-31,469.7343,META
2024-06-03,470.4090,META
2024-06-04,470.7749,META
2024-06-05,471.7371,META
2024-06-06,473.1983,META
2024-06-07,474.6965,META
2024-06-10,477.0992,META
2024-06-11,480.1483,META
2024-06-12,483.0706,META
2024-06-13,485.7979,META
2024-06-14,487.6797,META
2024-06-17,489.6165,META
2024-06-18,491.4403,META
2024-06-20,493.9419,META
2024-06-21,495.9661,META
2024-06-24,497.5258,META
2024-06-25,499.9539,META
2024-06-26,501.2755,META
2024-06-27,503.1485,META
2024-06-28,503.9854,META
2024-07-01,504.1691,META
2024-07-02,504.3495,META
2024-07-03,504.4653,META
2024-07-05,507.0520,META
2024-07-08,508.8445,META
2024-07-09,510.5095,META
2024-07-10,513.0172,META
2024-07-11,513.8009,META
2024-07-12,514.0923,META
2024-07-15,513.8964,META
2024-07-16,512.4138,META
2024-07-17,508.7711,META
2024-07-18,505.6571,META
2024-07-19,503.7029,META
2024-07-22,502.4718,META
2024-07-23,500.9893,META
2024-07-24,497.5204,META
2024-07-25,491.3579,META
2024-07-26,486.8255,META
2024-07-29,482.2452,META
2024-07-30,477.1514,META
2024-07-31,474.4534,META
2024-08-01,474.3729,META
2024-08-02,473.8015,META
2024-08-05,472.7998,META
2024-08-06,475.0867,META
2024-08-07,476.0179,META
2024-08-08,478.3575,META
2024-08-09,480.5212,META
2024-08-12,482.4632,META
2024-08-13,487.2558,META
2024-08-14,492.4814,META
2024-08-15,497.5846,META
2024-08-16,501.9810,META
2024-08-19,506.6894,META
2024-08-20,510.3869,META
2024-08-21,513.0528,META
2024-08-22,516.1726,META
2024-08-23,519.8964,META
2024-08-26,521.8221,META
2024-08-27,523.9723,META
2024-08-28,524.4816,META
2024-08-29,524.5137,META
2024-08-30,524.8956,META
2024-09-03,523.7001,META
2024-09-04,522.7013,META
2024-09-05,521.2429,META
2024-09-06,519.3087,META
2024-09-09,517.5640,META
2024-09-10,516.0009,META
2024-09-11,514.3388,META
2024-09-12,513.8878,META
2024-09-13,513.6470,META
2024-09-16,514.5489,META
2024-09-17,515.8112,META
2024-09-18,517.3554,META
2024-09-19,520.3051,META
2024-09-20,523.1952,META
2024-09-23,526.9838,META
2024-09-24,530.6257,META
2024-09-25,534.3291,META
2024-09-26,539.1809,META
2024-09-27,543.6765,META
2024-09-30,548.5343,META
2024-10-01,553.1779,META
2024-10-02,556.5796,META
2024-10-03,560.7613,META
2024-10-04,565.2296,META
2024-10-07,568.6856,META
2024-10-08,572.6033,META
2024-10-09,574.8432,META
2024-10-10,576.4462,META
2024-10-11,578.2675,META
2024-10-14,580.1993,META
2024-10-15,581.4800,META
2024-10-16,582.1182,META
2024-10-17,582.8006,META
2024-10-18,583.0880,META
2024-10-21,582.9946,META
2024-10-22,583.6507,META
2024-10-23,582.2901,META
2024-10-24,580.2820,META
2024-10-25,579.4598,META
2024-10-28,578.4094,META
2024-10-29,578.6069,META
2024-10-30,579.1753,META
2024-10-31,577.5801,META
2024-11-01,575.9214,META
2024-11-04,574.0966,META
2024-11-05,573.7857,META
2024-11-06,573.4377,META
2024-11-07,574.5237,META
2024-11-08,575.5349,META
2024-11-11,575.6176,META
2024-11-12,577.1244,META
2024-11-13,577.9958,META
2024-11-14,578.2746,META
2024-11-15,576.5575,META
2024-11-18,573.7849,META
2024-11-19,571.5950,META
2024-11-20,571.4481,META
2024-11-21,571.1579,META
2024-11-22,571.0481,META
2024-11-25,570.5261,META
2024-11-26,570.6323,META
2024-11-27,569.0279,META
2024-11-29,567.9568,META
2024-12-02,568.6457,META
2024-12-03,570.7015,META
2024-12-04,573.1104,META
2024-12-05,575.3759,META
2024-12-06,580.3454,META
2024-12-09,584.5648,META
2024-12-10,588.7172,META
2024-12-11,593.5064,META
2024-12-12,598.3341,META
2024-12-13,602.6989,META
2024-12-16,606.9511,META
2024-12-17,610.2596,META
2024-12-18,612.2897,META
2024-12-19,613.8391,META
2024-12-20,613.3320,META
2024-12-23,612.3821,META
2024-12-24,611.9869,META
2024-12-26,611.6234,META
2024-12-27,609.9491,META
2024-12-30,608.3905,META
2024-12-31,606.0130,META
2025-01-02,603.6626,META
2025-01-03,601.8317,META
2025-01-06,602.5701,META
2025-01-07,602.1169,META
2025-01-08,601.4946,META
2025-01-10,602.8270,META
2025-01-13,603.7376,META
2025-01-14,604.3799,META
2025-01-15,605.6124,META
2025-01-16,605.8658,META
2025-01-17,606.5381,META
2025-01-21,607.7263,META
2025-01-22,610.0286,META
2025-01-23,613.6640,META
2025-01-24,617.1075,META
2025-01-27,621.0505,META
2025-01-28,624.1999,META
2025-01-29,628.3820,META
2025-01-30,633.8259,META
2025-01-31,639.0585,META
2025-02-03,645.4195,META
2025-02-04,653.2655,META
2025-02-05,659.5280,META
2025-02-06,666.7139,META
2025-02-07,673.9755,META
2025-02-10,681.1793,META
2025-02-11,688.0519,META
2025-02-12,694.3986,META
2025-02-13,700.1843,META
2025-02-14,705.6646,META
2025-02-18,708.6648,META
2025-02-19,710.6117,META
2025-02-20,711.1712,META
2025-02-21,710.7694,META
2025-02-24,708.6762,META
2025-02-25,705.3441,META
2025-02-26,703.1196,META
2025-02-27,699.2836,META
2025-02-28,695.9779,META
2025-03-03,691.5282,META
2025-03-04,685.8331,META
2025-03-05,680.9152,META
2025-03-06,673.7336,META
2025-03-07,665.8111,META
2025-03-10,657.3627,META
2025-03-11,650.3645,META
2025-03-12,644.9920,META
2025-03-13,638.3613,META
2025-03-14,634.0789,META
2025-03-17,630.3623,META
2025-03-18,623.8796,META
2025-03-19,618.6216,META
2025-03-20,612.7914,META
2025-03-21,608.6318,META
2025-03-24,607.1605,META
2025-03-25,605.0467,META
2025-03-26,603.8747,META
2025-03-27,602.2647,META
2025-03-28,600.7837,META
2025-03-31,598.7247,META
2025-04-01,596.3657,META
2025-04-02,595.9229,META
2025-04-03,590.4957,META
2025-04-04,583.3407,META
2025-04-07,578.6186,META
2025-04-08,573.3607,META
2025-04-09,573.3443,META
2025-04-10,569.7757,META
2025-04-11,564.3986,META
2025-04-14,557.6250,META
2025-04-15,551.2350,META
2025-04-16,544.0729,META
2025-04-17,538.6971,META
2025-04-21,532.1471,META
2025-04-22,526.0243,META
2025-04-23,521.4771,META
2025-04-24,521.5864,META
2025-04-25,524.6250,META
2025-04-28,527.0171,META
2025-04-29,530.1593,META
2025-04-30,527.5329,META
2025-05-01,529.3843,META
2025-05-02,533.2021,META
2025-05-05,538.0443,META
2025-05-06,542.7436,META
2025-05-07,549.4936,META
2025-05-08,556.3886,META
2025-05-09,564.0907,META
2025-05-12,574.0300,META
2025-05-13,583.7271,META
2025-05-14,592.7421,META
2025-05-15,599.6429,META
2025-05-16,606.1143,META
2025-05-19,612.2564,META
2025-05-20,618.5493,META
2025-05-21,623.0700,META
2025-05-22,625.8950,META
2025-05-23,627.8800,META
2025-05-27,631.8093,META
2025-05-28,635.1500,META
2025-05-29,638.5100,META
2025-05-30,642.4386,META
